Timing Analyzer report for traffic_lights
Mon Jun 09 07:23:17 2025
Quartus Prime Version 18.1.0 Build 625 09/12/2018 SJ Lite Edition


---------------------
; Table of Contents ;
---------------------
  1. Legal Notice
  2. Timing Analyzer Summary
  3. Parallel Compilation
  4. Clocks
  5. Slow 1200mV 85C Model Fmax Summary
  6. Timing Closure Recommendations
  7. Slow 1200mV 85C Model Setup Summary
  8. Slow 1200mV 85C Model Hold Summary
  9. Slow 1200mV 85C Model Recovery Summary
 10. Slow 1200mV 85C Model Removal Summary
 11. Slow 1200mV 85C Model Minimum Pulse Width Summary
 12. Slow 1200mV 85C Model Setup: 'clk'
 13. Slow 1200mV 85C Model Hold: 'clk'
 14. Slow 1200mV 85C Model Metastability Summary
 15. Slow 1200mV 0C Model Fmax Summary
 16. Slow 1200mV 0C Model Setup Summary
 17. Slow 1200mV 0C Model Hold Summary
 18. Slow 1200mV 0C Model Recovery Summary
 19. Slow 1200mV 0C Model Removal Summary
 20. Slow 1200mV 0C Model Minimum Pulse Width Summary
 21. Slow 1200mV 0C Model Setup: 'clk'
 22. Slow 1200mV 0C Model Hold: 'clk'
 23. Slow 1200mV 0C Model Metastability Summary
 24. Fast 1200mV 0C Model Setup Summary
 25. Fast 1200mV 0C Model Hold Summary
 26. Fast 1200mV 0C Model Recovery Summary
 27. Fast 1200mV 0C Model Removal Summary
 28. Fast 1200mV 0C Model Minimum Pulse Width Summary
 29. Fast 1200mV 0C Model Setup: 'clk'
 30. Fast 1200mV 0C Model Hold: 'clk'
 31. Fast 1200mV 0C Model Metastability Summary
 32. Multicorner Timing Analysis Summary
 33. Board Trace Model Assignments
 34. Input Transition Times
 35. Signal Integrity Metrics (Slow 1200mv 0c Model)
 36. Signal Integrity Metrics (Slow 1200mv 85c Model)
 37. Signal Integrity Metrics (Fast 1200mv 0c Model)
 38. Setup Transfers
 39. Hold Transfers
 40. Report TCCS
 41. Report RSKM
 42. Unconstrained Paths Summary
 43. Clock Status Summary
 44. Unconstrained Input Ports
 45. Unconstrained Output Ports
 46. Unconstrained Input Ports
 47. Unconstrained Output Ports
 48. Timing Analyzer Messages



----------------
; Legal Notice ;
----------------
Copyright (C) 2018  Intel Corporation. All rights reserved.
Your use of Intel Corporation's design tools, logic functions 
and other software and tools, and its AMPP partner logic 
functions, and any output files from any of the foregoing 
(including device programming or simulation files), and any 
associated documentation or information are expressly subject 
to the terms and conditions of the Intel Program License 
Subscription Agreement, the Intel Quartus Prime License Agreement,
the Intel FPGA IP License Agreement, or other applicable license
agreement, including, without limitation, that your use is for
the sole purpose of programming logic devices manufactured by
Intel and sold by Intel or its authorized distributors.  Please
refer to the applicable agreement for further details.



+-----------------------------------------------------------------------------+
; Timing Analyzer Summary                                                     ;
+-----------------------+-----------------------------------------------------+
; Quartus Prime Version ; Version 18.1.0 Build 625 09/12/2018 SJ Lite Edition ;
; Timing Analyzer       ; Legacy Timing Analyzer                              ;
; Revision Name         ; traffic_lights                                      ;
; Device Family         ; Cyclone IV E                                        ;
; Device Name           ; EP4CE115F29C7                                       ;
; Timing Models         ; Final                                               ;
; Delay Model           ; Combined                                            ;
; Rise/Fall Delays      ; Enabled                                             ;
+-----------------------+-----------------------------------------------------+


+------------------------------------------+
; Parallel Compilation                     ;
+----------------------------+-------------+
; Processors                 ; Number      ;
+----------------------------+-------------+
; Number detected on machine ; 12          ;
; Maximum allowed            ; 6           ;
;                            ;             ;
; Average used               ; 1.01        ;
; Maximum used               ; 6           ;
;                            ;             ;
; Usage by Processor         ; % Time Used ;
;     Processor 1            ; 100.0%      ;
;     Processors 2-6         ;   0.2%      ;
+----------------------------+-------------+


+---------------------------------------------------------------------------------------------------------------------------------------------------------------------------------+
; Clocks                                                                                                                                                                          ;
+------------+------+--------+------------+-------+-------+------------+-----------+-------------+-------+--------+-----------+------------+----------+--------+--------+---------+
; Clock Name ; Type ; Period ; Frequency  ; Rise  ; Fall  ; Duty Cycle ; Divide by ; Multiply by ; Phase ; Offset ; Edge List ; Edge Shift ; Inverted ; Master ; Source ; Targets ;
+------------+------+--------+------------+-------+-------+------------+-----------+-------------+-------+--------+-----------+------------+----------+--------+--------+---------+
; clk        ; Base ; 1.000  ; 1000.0 MHz ; 0.000 ; 0.500 ;            ;           ;             ;       ;        ;           ;            ;          ;        ;        ; { clk } ;
+------------+------+--------+------------+-------+-------+------------+-----------+-------------+-------+--------+-----------+------------+----------+--------+--------+---------+


+--------------------------------------------------+
; Slow 1200mV 85C Model Fmax Summary               ;
+------------+-----------------+------------+------+
; Fmax       ; Restricted Fmax ; Clock Name ; Note ;
+------------+-----------------+------------+------+
; 228.05 MHz ; 228.05 MHz      ; clk        ;      ;
+------------+-----------------+------------+------+
This panel reports FMAX for every clock in the design, regardless of the user-specified clock periods.  FMAX is only computed for paths where the source and destination registers or ports are driven by the same clock.  Paths of different clocks, including generated clocks, are ignored.  For paths between a clock and its inversion, FMAX is computed as if the rising and falling edges are scaled along with FMAX, such that the duty cycle (in terms of a percentage) is maintained. Altera recommends that you always use clock constraints and other slack reports for sign-off analysis.


----------------------------------
; Timing Closure Recommendations ;
----------------------------------
HTML report is unavailable in plain text report export.


+-------------------------------------+
; Slow 1200mV 85C Model Setup Summary ;
+-------+--------+--------------------+
; Clock ; Slack  ; End Point TNS      ;
+-------+--------+--------------------+
; clk   ; -3.385 ; -29.262            ;
+-------+--------+--------------------+


+------------------------------------+
; Slow 1200mV 85C Model Hold Summary ;
+-------+-------+--------------------+
; Clock ; Slack ; End Point TNS      ;
+-------+-------+--------------------+
; clk   ; 0.403 ; 0.000              ;
+-------+-------+--------------------+


------------------------------------------
; Slow 1200mV 85C Model Recovery Summary ;
------------------------------------------
No paths to report.


-----------------------------------------
; Slow 1200mV 85C Model Removal Summary ;
-----------------------------------------
No paths to report.


+---------------------------------------------------+
; Slow 1200mV 85C Model Minimum Pulse Width Summary ;
+-------+--------+----------------------------------+
; Clock ; Slack  ; End Point TNS                    ;
+-------+--------+----------------------------------+
; clk   ; -3.000 ; -15.850                          ;
+-------+--------+----------------------------------+


+------------------------------------------------------------------------------------------------------------------------------------------+
; Slow 1200mV 85C Model Setup: 'clk'                                                                                                       ;
+--------+-----------------------------+-----------------------------+--------------+-------------+--------------+------------+------------+
; Slack  ; From Node                   ; To Node                     ; Launch Clock ; Latch Clock ; Relationship ; Clock Skew ; Data Delay ;
+--------+-----------------------------+-----------------------------+--------------+-------------+--------------+------------+------------+
; -3.385 ; contador[0]                 ; contador[1]                 ; clk          ; clk         ; 1.000        ; -0.079     ; 4.304      ;
; -3.385 ; contador[0]                 ; contador[0]                 ; clk          ; clk         ; 1.000        ; -0.079     ; 4.304      ;
; -3.385 ; contador[0]                 ; contador[2]                 ; clk          ; clk         ; 1.000        ; -0.079     ; 4.304      ;
; -3.385 ; contador[0]                 ; contador[3]                 ; clk          ; clk         ; 1.000        ; -0.079     ; 4.304      ;
; -3.371 ; contador[3]                 ; contador[1]                 ; clk          ; clk         ; 1.000        ; -0.079     ; 4.290      ;
; -3.371 ; contador[3]                 ; contador[0]                 ; clk          ; clk         ; 1.000        ; -0.079     ; 4.290      ;
; -3.371 ; contador[3]                 ; contador[2]                 ; clk          ; clk         ; 1.000        ; -0.079     ; 4.290      ;
; -3.371 ; contador[3]                 ; contador[3]                 ; clk          ; clk         ; 1.000        ; -0.079     ; 4.290      ;
; -3.258 ; contador[2]                 ; contador[1]                 ; clk          ; clk         ; 1.000        ; -0.079     ; 4.177      ;
; -3.258 ; contador[2]                 ; contador[0]                 ; clk          ; clk         ; 1.000        ; -0.079     ; 4.177      ;
; -3.258 ; contador[2]                 ; contador[2]                 ; clk          ; clk         ; 1.000        ; -0.079     ; 4.177      ;
; -3.258 ; contador[2]                 ; contador[3]                 ; clk          ; clk         ; 1.000        ; -0.079     ; 4.177      ;
; -3.200 ; estado_actual.INACTIVO      ; contador[1]                 ; clk          ; clk         ; 1.000        ; -0.080     ; 4.118      ;
; -3.200 ; estado_actual.INACTIVO      ; contador[0]                 ; clk          ; clk         ; 1.000        ; -0.080     ; 4.118      ;
; -3.200 ; estado_actual.INACTIVO      ; contador[2]                 ; clk          ; clk         ; 1.000        ; -0.080     ; 4.118      ;
; -3.200 ; estado_actual.INACTIVO      ; contador[3]                 ; clk          ; clk         ; 1.000        ; -0.080     ; 4.118      ;
; -3.146 ; estado_actual.AMARILLO_ON_2 ; contador[1]                 ; clk          ; clk         ; 1.000        ; -0.080     ; 4.064      ;
; -3.146 ; estado_actual.AMARILLO_ON_2 ; contador[0]                 ; clk          ; clk         ; 1.000        ; -0.080     ; 4.064      ;
; -3.146 ; estado_actual.AMARILLO_ON_2 ; contador[2]                 ; clk          ; clk         ; 1.000        ; -0.080     ; 4.064      ;
; -3.146 ; estado_actual.AMARILLO_ON_2 ; contador[3]                 ; clk          ; clk         ; 1.000        ; -0.080     ; 4.064      ;
; -3.090 ; contador[1]                 ; contador[1]                 ; clk          ; clk         ; 1.000        ; -0.079     ; 4.009      ;
; -3.090 ; contador[1]                 ; contador[0]                 ; clk          ; clk         ; 1.000        ; -0.079     ; 4.009      ;
; -3.090 ; contador[1]                 ; contador[2]                 ; clk          ; clk         ; 1.000        ; -0.079     ; 4.009      ;
; -3.090 ; contador[1]                 ; contador[3]                 ; clk          ; clk         ; 1.000        ; -0.079     ; 4.009      ;
; -3.029 ; estado_actual.AMARILLO_ON_1 ; contador[1]                 ; clk          ; clk         ; 1.000        ; -0.080     ; 3.947      ;
; -3.029 ; estado_actual.AMARILLO_ON_1 ; contador[0]                 ; clk          ; clk         ; 1.000        ; -0.080     ; 3.947      ;
; -3.029 ; estado_actual.AMARILLO_ON_1 ; contador[2]                 ; clk          ; clk         ; 1.000        ; -0.080     ; 3.947      ;
; -3.029 ; estado_actual.AMARILLO_ON_1 ; contador[3]                 ; clk          ; clk         ; 1.000        ; -0.080     ; 3.947      ;
; -2.932 ; estado_actual.VERDE         ; contador[1]                 ; clk          ; clk         ; 1.000        ; -0.080     ; 3.850      ;
; -2.932 ; estado_actual.VERDE         ; contador[0]                 ; clk          ; clk         ; 1.000        ; -0.080     ; 3.850      ;
; -2.932 ; estado_actual.VERDE         ; contador[2]                 ; clk          ; clk         ; 1.000        ; -0.080     ; 3.850      ;
; -2.932 ; estado_actual.VERDE         ; contador[3]                 ; clk          ; clk         ; 1.000        ; -0.080     ; 3.850      ;
; -2.884 ; estado_actual.AMARILLO_OFF  ; contador[1]                 ; clk          ; clk         ; 1.000        ; -0.080     ; 3.802      ;
; -2.884 ; estado_actual.AMARILLO_OFF  ; contador[0]                 ; clk          ; clk         ; 1.000        ; -0.080     ; 3.802      ;
; -2.884 ; estado_actual.AMARILLO_OFF  ; contador[2]                 ; clk          ; clk         ; 1.000        ; -0.080     ; 3.802      ;
; -2.884 ; estado_actual.AMARILLO_OFF  ; contador[3]                 ; clk          ; clk         ; 1.000        ; -0.080     ; 3.802      ;
; -2.851 ; contador[0]                 ; estado_actual.AMARILLO_ON_2 ; clk          ; clk         ; 1.000        ; -0.079     ; 3.770      ;
; -2.851 ; contador[0]                 ; estado_actual.AMARILLO_OFF  ; clk          ; clk         ; 1.000        ; -0.079     ; 3.770      ;
; -2.841 ; contador[3]                 ; estado_actual.AMARILLO_ON_2 ; clk          ; clk         ; 1.000        ; -0.079     ; 3.760      ;
; -2.841 ; contador[3]                 ; estado_actual.AMARILLO_OFF  ; clk          ; clk         ; 1.000        ; -0.079     ; 3.760      ;
; -2.808 ; estado_actual.ROJO          ; contador[1]                 ; clk          ; clk         ; 1.000        ; -0.080     ; 3.726      ;
; -2.808 ; estado_actual.ROJO          ; contador[0]                 ; clk          ; clk         ; 1.000        ; -0.080     ; 3.726      ;
; -2.808 ; estado_actual.ROJO          ; contador[2]                 ; clk          ; clk         ; 1.000        ; -0.080     ; 3.726      ;
; -2.808 ; estado_actual.ROJO          ; contador[3]                 ; clk          ; clk         ; 1.000        ; -0.080     ; 3.726      ;
; -2.732 ; contador[2]                 ; estado_actual.AMARILLO_ON_2 ; clk          ; clk         ; 1.000        ; -0.079     ; 3.651      ;
; -2.732 ; contador[2]                 ; estado_actual.AMARILLO_OFF  ; clk          ; clk         ; 1.000        ; -0.079     ; 3.651      ;
; -2.678 ; contador[0]                 ; estado_actual.VERDE         ; clk          ; clk         ; 1.000        ; -0.079     ; 3.597      ;
; -2.674 ; estado_actual.INACTIVO      ; estado_actual.AMARILLO_ON_2 ; clk          ; clk         ; 1.000        ; -0.080     ; 3.592      ;
; -2.674 ; estado_actual.INACTIVO      ; estado_actual.AMARILLO_OFF  ; clk          ; clk         ; 1.000        ; -0.080     ; 3.592      ;
; -2.664 ; contador[3]                 ; estado_actual.VERDE         ; clk          ; clk         ; 1.000        ; -0.079     ; 3.583      ;
; -2.647 ; contador[0]                 ; estado_actual.AMARILLO_ON_1 ; clk          ; clk         ; 1.000        ; -0.079     ; 3.566      ;
; -2.633 ; contador[3]                 ; estado_actual.AMARILLO_ON_1 ; clk          ; clk         ; 1.000        ; -0.079     ; 3.552      ;
; -2.620 ; estado_actual.AMARILLO_ON_2 ; estado_actual.AMARILLO_ON_2 ; clk          ; clk         ; 1.000        ; -0.080     ; 3.538      ;
; -2.620 ; estado_actual.AMARILLO_ON_2 ; estado_actual.AMARILLO_OFF  ; clk          ; clk         ; 1.000        ; -0.080     ; 3.538      ;
; -2.564 ; contador[1]                 ; estado_actual.AMARILLO_ON_2 ; clk          ; clk         ; 1.000        ; -0.079     ; 3.483      ;
; -2.564 ; contador[1]                 ; estado_actual.AMARILLO_OFF  ; clk          ; clk         ; 1.000        ; -0.079     ; 3.483      ;
; -2.554 ; contador[2]                 ; estado_actual.VERDE         ; clk          ; clk         ; 1.000        ; -0.079     ; 3.473      ;
; -2.504 ; contador[2]                 ; estado_actual.AMARILLO_ON_1 ; clk          ; clk         ; 1.000        ; -0.079     ; 3.423      ;
; -2.503 ; estado_actual.AMARILLO_ON_1 ; estado_actual.AMARILLO_ON_2 ; clk          ; clk         ; 1.000        ; -0.080     ; 3.421      ;
; -2.503 ; estado_actual.AMARILLO_ON_1 ; estado_actual.AMARILLO_OFF  ; clk          ; clk         ; 1.000        ; -0.080     ; 3.421      ;
; -2.496 ; estado_actual.INACTIVO      ; estado_actual.VERDE         ; clk          ; clk         ; 1.000        ; -0.080     ; 3.414      ;
; -2.442 ; estado_actual.AMARILLO_ON_2 ; estado_actual.VERDE         ; clk          ; clk         ; 1.000        ; -0.080     ; 3.360      ;
; -2.438 ; estado_actual.INACTIVO      ; estado_actual.AMARILLO_ON_1 ; clk          ; clk         ; 1.000        ; -0.080     ; 3.356      ;
; -2.390 ; estado_actual.VERDE         ; estado_actual.AMARILLO_ON_2 ; clk          ; clk         ; 1.000        ; -0.080     ; 3.308      ;
; -2.390 ; estado_actual.VERDE         ; estado_actual.AMARILLO_OFF  ; clk          ; clk         ; 1.000        ; -0.080     ; 3.308      ;
; -2.386 ; contador[1]                 ; estado_actual.VERDE         ; clk          ; clk         ; 1.000        ; -0.079     ; 3.305      ;
; -2.384 ; estado_actual.AMARILLO_ON_2 ; estado_actual.AMARILLO_ON_1 ; clk          ; clk         ; 1.000        ; -0.080     ; 3.302      ;
; -2.358 ; estado_actual.AMARILLO_OFF  ; estado_actual.AMARILLO_ON_2 ; clk          ; clk         ; 1.000        ; -0.080     ; 3.276      ;
; -2.358 ; estado_actual.AMARILLO_OFF  ; estado_actual.AMARILLO_OFF  ; clk          ; clk         ; 1.000        ; -0.080     ; 3.276      ;
; -2.348 ; contador[0]                 ; estado_actual.INACTIVO      ; clk          ; clk         ; 1.000        ; -0.079     ; 3.267      ;
; -2.347 ; contador[0]                 ; estado_actual.ROJO          ; clk          ; clk         ; 1.000        ; -0.079     ; 3.266      ;
; -2.335 ; contador[1]                 ; estado_actual.AMARILLO_ON_1 ; clk          ; clk         ; 1.000        ; -0.079     ; 3.254      ;
; -2.334 ; contador[3]                 ; estado_actual.INACTIVO      ; clk          ; clk         ; 1.000        ; -0.079     ; 3.253      ;
; -2.333 ; contador[3]                 ; estado_actual.ROJO          ; clk          ; clk         ; 1.000        ; -0.079     ; 3.252      ;
; -2.325 ; estado_actual.AMARILLO_ON_1 ; estado_actual.VERDE         ; clk          ; clk         ; 1.000        ; -0.080     ; 3.243      ;
; -2.282 ; estado_actual.ROJO          ; estado_actual.AMARILLO_ON_2 ; clk          ; clk         ; 1.000        ; -0.080     ; 3.200      ;
; -2.282 ; estado_actual.ROJO          ; estado_actual.AMARILLO_OFF  ; clk          ; clk         ; 1.000        ; -0.080     ; 3.200      ;
; -2.267 ; estado_actual.AMARILLO_ON_1 ; estado_actual.AMARILLO_ON_1 ; clk          ; clk         ; 1.000        ; -0.080     ; 3.185      ;
; -2.225 ; estado_actual.VERDE         ; estado_actual.VERDE         ; clk          ; clk         ; 1.000        ; -0.080     ; 3.143      ;
; -2.219 ; contador[2]                 ; estado_actual.INACTIVO      ; clk          ; clk         ; 1.000        ; -0.079     ; 3.138      ;
; -2.218 ; contador[2]                 ; estado_actual.ROJO          ; clk          ; clk         ; 1.000        ; -0.079     ; 3.137      ;
; -2.194 ; estado_actual.VERDE         ; estado_actual.AMARILLO_ON_1 ; clk          ; clk         ; 1.000        ; -0.080     ; 3.112      ;
; -2.180 ; estado_actual.AMARILLO_OFF  ; estado_actual.VERDE         ; clk          ; clk         ; 1.000        ; -0.080     ; 3.098      ;
; -2.161 ; estado_actual.INACTIVO      ; estado_actual.INACTIVO      ; clk          ; clk         ; 1.000        ; -0.080     ; 3.079      ;
; -2.160 ; estado_actual.INACTIVO      ; estado_actual.ROJO          ; clk          ; clk         ; 1.000        ; -0.080     ; 3.078      ;
; -2.125 ; estado_actual.AMARILLO_OFF  ; estado_actual.AMARILLO_ON_1 ; clk          ; clk         ; 1.000        ; -0.080     ; 3.043      ;
; -2.107 ; estado_actual.AMARILLO_ON_2 ; estado_actual.INACTIVO      ; clk          ; clk         ; 1.000        ; -0.080     ; 3.025      ;
; -2.106 ; estado_actual.AMARILLO_ON_2 ; estado_actual.ROJO          ; clk          ; clk         ; 1.000        ; -0.080     ; 3.024      ;
; -2.104 ; estado_actual.ROJO          ; estado_actual.VERDE         ; clk          ; clk         ; 1.000        ; -0.080     ; 3.022      ;
; -2.054 ; estado_actual.ROJO          ; estado_actual.AMARILLO_ON_1 ; clk          ; clk         ; 1.000        ; -0.080     ; 2.972      ;
; -2.051 ; contador[1]                 ; estado_actual.INACTIVO      ; clk          ; clk         ; 1.000        ; -0.079     ; 2.970      ;
; -2.050 ; contador[1]                 ; estado_actual.ROJO          ; clk          ; clk         ; 1.000        ; -0.079     ; 2.969      ;
; -1.990 ; estado_actual.AMARILLO_ON_1 ; estado_actual.INACTIVO      ; clk          ; clk         ; 1.000        ; -0.080     ; 2.908      ;
; -1.989 ; estado_actual.AMARILLO_ON_1 ; estado_actual.ROJO          ; clk          ; clk         ; 1.000        ; -0.080     ; 2.907      ;
; -1.895 ; estado_actual.VERDE         ; estado_actual.INACTIVO      ; clk          ; clk         ; 1.000        ; -0.080     ; 2.813      ;
; -1.894 ; estado_actual.VERDE         ; estado_actual.ROJO          ; clk          ; clk         ; 1.000        ; -0.080     ; 2.812      ;
; -1.845 ; estado_actual.AMARILLO_OFF  ; estado_actual.INACTIVO      ; clk          ; clk         ; 1.000        ; -0.080     ; 2.763      ;
; -1.844 ; estado_actual.AMARILLO_OFF  ; estado_actual.ROJO          ; clk          ; clk         ; 1.000        ; -0.080     ; 2.762      ;
; -1.769 ; estado_actual.ROJO          ; estado_actual.INACTIVO      ; clk          ; clk         ; 1.000        ; -0.080     ; 2.687      ;
; -1.768 ; estado_actual.ROJO          ; estado_actual.ROJO          ; clk          ; clk         ; 1.000        ; -0.080     ; 2.686      ;
+--------+-----------------------------+-----------------------------+--------------+-------------+--------------+------------+------------+


+-----------------------------------------------------------------------------------------------------------------------------------------+
; Slow 1200mV 85C Model Hold: 'clk'                                                                                                       ;
+-------+-----------------------------+-----------------------------+--------------+-------------+--------------+------------+------------+
; Slack ; From Node                   ; To Node                     ; Launch Clock ; Latch Clock ; Relationship ; Clock Skew ; Data Delay ;
+-------+-----------------------------+-----------------------------+--------------+-------------+--------------+------------+------------+
; 0.403 ; estado_actual.AMARILLO_ON_2 ; estado_actual.AMARILLO_ON_2 ; clk          ; clk         ; 0.000        ; 0.080      ; 0.669      ;
; 0.403 ; estado_actual.ROJO          ; estado_actual.ROJO          ; clk          ; clk         ; 0.000        ; 0.080      ; 0.669      ;
; 0.403 ; estado_actual.INACTIVO      ; estado_actual.INACTIVO      ; clk          ; clk         ; 0.000        ; 0.080      ; 0.669      ;
; 0.403 ; estado_actual.VERDE         ; estado_actual.VERDE         ; clk          ; clk         ; 0.000        ; 0.080      ; 0.669      ;
; 0.403 ; estado_actual.AMARILLO_ON_1 ; estado_actual.AMARILLO_ON_1 ; clk          ; clk         ; 0.000        ; 0.080      ; 0.669      ;
; 0.403 ; estado_actual.AMARILLO_OFF  ; estado_actual.AMARILLO_OFF  ; clk          ; clk         ; 0.000        ; 0.080      ; 0.669      ;
; 0.404 ; contador[1]                 ; contador[1]                 ; clk          ; clk         ; 0.000        ; 0.079      ; 0.669      ;
; 0.404 ; contador[2]                 ; contador[2]                 ; clk          ; clk         ; 0.000        ; 0.079      ; 0.669      ;
; 0.409 ; contador[0]                 ; contador[0]                 ; clk          ; clk         ; 0.000        ; 0.079      ; 0.674      ;
; 0.675 ; estado_actual.AMARILLO_ON_1 ; estado_actual.AMARILLO_OFF  ; clk          ; clk         ; 0.000        ; 0.080      ; 0.941      ;
; 0.676 ; estado_actual.AMARILLO_OFF  ; estado_actual.AMARILLO_ON_2 ; clk          ; clk         ; 0.000        ; 0.080      ; 0.942      ;
; 0.847 ; contador[0]                 ; contador[2]                 ; clk          ; clk         ; 0.000        ; 0.079      ; 1.112      ;
; 0.849 ; contador[0]                 ; contador[1]                 ; clk          ; clk         ; 0.000        ; 0.079      ; 1.114      ;
; 1.026 ; contador[1]                 ; estado_actual.AMARILLO_OFF  ; clk          ; clk         ; 0.000        ; 0.080      ; 1.292      ;
; 1.029 ; contador[1]                 ; estado_actual.AMARILLO_ON_2 ; clk          ; clk         ; 0.000        ; 0.080      ; 1.295      ;
; 1.118 ; contador[1]                 ; contador[2]                 ; clk          ; clk         ; 0.000        ; 0.079      ; 1.383      ;
; 1.134 ; contador[2]                 ; estado_actual.AMARILLO_OFF  ; clk          ; clk         ; 0.000        ; 0.080      ; 1.400      ;
; 1.137 ; contador[2]                 ; estado_actual.AMARILLO_ON_2 ; clk          ; clk         ; 0.000        ; 0.080      ; 1.403      ;
; 1.254 ; contador[0]                 ; estado_actual.AMARILLO_OFF  ; clk          ; clk         ; 0.000        ; 0.080      ; 1.520      ;
; 1.257 ; contador[0]                 ; estado_actual.AMARILLO_ON_2 ; clk          ; clk         ; 0.000        ; 0.080      ; 1.523      ;
; 1.258 ; contador[3]                 ; estado_actual.AMARILLO_OFF  ; clk          ; clk         ; 0.000        ; 0.080      ; 1.524      ;
; 1.261 ; contador[3]                 ; estado_actual.AMARILLO_ON_2 ; clk          ; clk         ; 0.000        ; 0.080      ; 1.527      ;
; 1.306 ; estado_actual.ROJO          ; estado_actual.INACTIVO      ; clk          ; clk         ; 0.000        ; 0.080      ; 1.572      ;
; 1.317 ; contador[0]                 ; contador[3]                 ; clk          ; clk         ; 0.000        ; 0.079      ; 1.582      ;
; 1.388 ; contador[3]                 ; contador[3]                 ; clk          ; clk         ; 0.000        ; 0.079      ; 1.653      ;
; 1.396 ; contador[2]                 ; contador[3]                 ; clk          ; clk         ; 0.000        ; 0.079      ; 1.661      ;
; 1.432 ; estado_actual.VERDE         ; estado_actual.ROJO          ; clk          ; clk         ; 0.000        ; 0.080      ; 1.698      ;
; 1.433 ; estado_actual.VERDE         ; estado_actual.INACTIVO      ; clk          ; clk         ; 0.000        ; 0.080      ; 1.699      ;
; 1.468 ; contador[1]                 ; contador[3]                 ; clk          ; clk         ; 0.000        ; 0.079      ; 1.733      ;
; 1.604 ; contador[1]                 ; estado_actual.ROJO          ; clk          ; clk         ; 0.000        ; 0.080      ; 1.870      ;
; 1.620 ; estado_actual.VERDE         ; contador[0]                 ; clk          ; clk         ; 0.000        ; 0.079      ; 1.885      ;
; 1.628 ; estado_actual.VERDE         ; contador[1]                 ; clk          ; clk         ; 0.000        ; 0.079      ; 1.893      ;
; 1.629 ; estado_actual.VERDE         ; contador[2]                 ; clk          ; clk         ; 0.000        ; 0.079      ; 1.894      ;
; 1.630 ; estado_actual.VERDE         ; contador[3]                 ; clk          ; clk         ; 0.000        ; 0.079      ; 1.895      ;
; 1.653 ; contador[1]                 ; estado_actual.INACTIVO      ; clk          ; clk         ; 0.000        ; 0.080      ; 1.919      ;
; 1.679 ; estado_actual.VERDE         ; estado_actual.AMARILLO_ON_1 ; clk          ; clk         ; 0.000        ; 0.080      ; 1.945      ;
; 1.694 ; estado_actual.INACTIVO      ; estado_actual.ROJO          ; clk          ; clk         ; 0.000        ; 0.080      ; 1.960      ;
; 1.703 ; estado_actual.AMARILLO_ON_1 ; estado_actual.ROJO          ; clk          ; clk         ; 0.000        ; 0.080      ; 1.969      ;
; 1.703 ; contador[2]                 ; estado_actual.ROJO          ; clk          ; clk         ; 0.000        ; 0.080      ; 1.969      ;
; 1.704 ; estado_actual.AMARILLO_ON_1 ; estado_actual.INACTIVO      ; clk          ; clk         ; 0.000        ; 0.080      ; 1.970      ;
; 1.734 ; estado_actual.INACTIVO      ; estado_actual.VERDE         ; clk          ; clk         ; 0.000        ; 0.080      ; 2.000      ;
; 1.780 ; contador[2]                 ; estado_actual.INACTIVO      ; clk          ; clk         ; 0.000        ; 0.080      ; 2.046      ;
; 1.805 ; estado_actual.AMARILLO_ON_2 ; estado_actual.ROJO          ; clk          ; clk         ; 0.000        ; 0.080      ; 2.071      ;
; 1.823 ; contador[0]                 ; estado_actual.ROJO          ; clk          ; clk         ; 0.000        ; 0.080      ; 2.089      ;
; 1.827 ; contador[3]                 ; estado_actual.ROJO          ; clk          ; clk         ; 0.000        ; 0.080      ; 2.093      ;
; 1.844 ; estado_actual.ROJO          ; estado_actual.AMARILLO_ON_1 ; clk          ; clk         ; 0.000        ; 0.080      ; 2.110      ;
; 1.856 ; estado_actual.ROJO          ; estado_actual.VERDE         ; clk          ; clk         ; 0.000        ; 0.080      ; 2.122      ;
; 1.860 ; estado_actual.INACTIVO      ; contador[1]                 ; clk          ; clk         ; 0.000        ; 0.079      ; 2.125      ;
; 1.862 ; estado_actual.INACTIVO      ; contador[2]                 ; clk          ; clk         ; 0.000        ; 0.079      ; 2.127      ;
; 1.863 ; estado_actual.INACTIVO      ; contador[3]                 ; clk          ; clk         ; 0.000        ; 0.079      ; 2.128      ;
; 1.865 ; contador[0]                 ; estado_actual.INACTIVO      ; clk          ; clk         ; 0.000        ; 0.080      ; 2.131      ;
; 1.868 ; estado_actual.VERDE         ; estado_actual.AMARILLO_ON_2 ; clk          ; clk         ; 0.000        ; 0.080      ; 2.134      ;
; 1.868 ; estado_actual.VERDE         ; estado_actual.AMARILLO_OFF  ; clk          ; clk         ; 0.000        ; 0.080      ; 2.134      ;
; 1.869 ; estado_actual.AMARILLO_ON_1 ; contador[1]                 ; clk          ; clk         ; 0.000        ; 0.079      ; 2.134      ;
; 1.870 ; contador[3]                 ; estado_actual.INACTIVO      ; clk          ; clk         ; 0.000        ; 0.080      ; 2.136      ;
; 1.871 ; estado_actual.AMARILLO_ON_1 ; contador[2]                 ; clk          ; clk         ; 0.000        ; 0.079      ; 2.136      ;
; 1.872 ; estado_actual.AMARILLO_ON_1 ; contador[3]                 ; clk          ; clk         ; 0.000        ; 0.079      ; 2.137      ;
; 1.879 ; estado_actual.INACTIVO      ; contador[0]                 ; clk          ; clk         ; 0.000        ; 0.079      ; 2.144      ;
; 1.888 ; estado_actual.AMARILLO_ON_1 ; contador[0]                 ; clk          ; clk         ; 0.000        ; 0.079      ; 2.153      ;
; 1.909 ; estado_actual.AMARILLO_ON_2 ; estado_actual.INACTIVO      ; clk          ; clk         ; 0.000        ; 0.080      ; 2.175      ;
; 1.932 ; estado_actual.AMARILLO_ON_1 ; estado_actual.VERDE         ; clk          ; clk         ; 0.000        ; 0.080      ; 2.198      ;
; 1.941 ; estado_actual.INACTIVO      ; estado_actual.AMARILLO_ON_1 ; clk          ; clk         ; 0.000        ; 0.080      ; 2.207      ;
; 2.025 ; estado_actual.AMARILLO_OFF  ; estado_actual.ROJO          ; clk          ; clk         ; 0.000        ; 0.080      ; 2.291      ;
; 2.026 ; estado_actual.AMARILLO_OFF  ; estado_actual.INACTIVO      ; clk          ; clk         ; 0.000        ; 0.080      ; 2.292      ;
; 2.065 ; estado_actual.AMARILLO_OFF  ; estado_actual.AMARILLO_ON_1 ; clk          ; clk         ; 0.000        ; 0.080      ; 2.331      ;
; 2.078 ; estado_actual.ROJO          ; contador[1]                 ; clk          ; clk         ; 0.000        ; 0.079      ; 2.343      ;
; 2.080 ; estado_actual.ROJO          ; contador[2]                 ; clk          ; clk         ; 0.000        ; 0.079      ; 2.345      ;
; 2.081 ; estado_actual.ROJO          ; contador[3]                 ; clk          ; clk         ; 0.000        ; 0.079      ; 2.346      ;
; 2.089 ; estado_actual.AMARILLO_ON_2 ; contador[1]                 ; clk          ; clk         ; 0.000        ; 0.079      ; 2.354      ;
; 2.091 ; estado_actual.AMARILLO_ON_2 ; contador[2]                 ; clk          ; clk         ; 0.000        ; 0.079      ; 2.356      ;
; 2.092 ; estado_actual.AMARILLO_ON_2 ; contador[3]                 ; clk          ; clk         ; 0.000        ; 0.079      ; 2.357      ;
; 2.096 ; estado_actual.AMARILLO_ON_2 ; contador[0]                 ; clk          ; clk         ; 0.000        ; 0.079      ; 2.361      ;
; 2.097 ; estado_actual.ROJO          ; contador[0]                 ; clk          ; clk         ; 0.000        ; 0.079      ; 2.362      ;
; 2.129 ; estado_actual.AMARILLO_ON_2 ; estado_actual.VERDE         ; clk          ; clk         ; 0.000        ; 0.080      ; 2.395      ;
; 2.133 ; contador[1]                 ; contador[0]                 ; clk          ; clk         ; 0.000        ; 0.079      ; 2.398      ;
; 2.141 ; estado_actual.INACTIVO      ; estado_actual.AMARILLO_ON_2 ; clk          ; clk         ; 0.000        ; 0.080      ; 2.407      ;
; 2.141 ; estado_actual.INACTIVO      ; estado_actual.AMARILLO_OFF  ; clk          ; clk         ; 0.000        ; 0.080      ; 2.407      ;
; 2.150 ; estado_actual.AMARILLO_ON_1 ; estado_actual.AMARILLO_ON_2 ; clk          ; clk         ; 0.000        ; 0.080      ; 2.416      ;
; 2.155 ; estado_actual.AMARILLO_ON_2 ; estado_actual.AMARILLO_ON_1 ; clk          ; clk         ; 0.000        ; 0.080      ; 2.421      ;
; 2.166 ; contador[1]                 ; estado_actual.VERDE         ; clk          ; clk         ; 0.000        ; 0.080      ; 2.432      ;
; 2.191 ; contador[1]                 ; estado_actual.AMARILLO_ON_1 ; clk          ; clk         ; 0.000        ; 0.080      ; 2.457      ;
; 2.191 ; estado_actual.AMARILLO_OFF  ; contador[1]                 ; clk          ; clk         ; 0.000        ; 0.079      ; 2.456      ;
; 2.193 ; estado_actual.AMARILLO_OFF  ; contador[2]                 ; clk          ; clk         ; 0.000        ; 0.079      ; 2.458      ;
; 2.194 ; estado_actual.AMARILLO_OFF  ; contador[3]                 ; clk          ; clk         ; 0.000        ; 0.079      ; 2.459      ;
; 2.210 ; estado_actual.AMARILLO_OFF  ; contador[0]                 ; clk          ; clk         ; 0.000        ; 0.079      ; 2.475      ;
; 2.254 ; estado_actual.AMARILLO_OFF  ; estado_actual.VERDE         ; clk          ; clk         ; 0.000        ; 0.080      ; 2.520      ;
; 2.256 ; contador[2]                 ; contador[0]                 ; clk          ; clk         ; 0.000        ; 0.079      ; 2.521      ;
; 2.264 ; contador[2]                 ; contador[1]                 ; clk          ; clk         ; 0.000        ; 0.079      ; 2.529      ;
; 2.289 ; contador[2]                 ; estado_actual.VERDE         ; clk          ; clk         ; 0.000        ; 0.080      ; 2.555      ;
; 2.315 ; contador[2]                 ; estado_actual.AMARILLO_ON_1 ; clk          ; clk         ; 0.000        ; 0.080      ; 2.581      ;
; 2.344 ; estado_actual.AMARILLO_ON_2 ; estado_actual.AMARILLO_OFF  ; clk          ; clk         ; 0.000        ; 0.080      ; 2.610      ;
; 2.347 ; estado_actual.ROJO          ; estado_actual.AMARILLO_ON_2 ; clk          ; clk         ; 0.000        ; 0.080      ; 2.613      ;
; 2.347 ; estado_actual.ROJO          ; estado_actual.AMARILLO_OFF  ; clk          ; clk         ; 0.000        ; 0.080      ; 2.613      ;
; 2.380 ; contador[3]                 ; contador[0]                 ; clk          ; clk         ; 0.000        ; 0.079      ; 2.645      ;
; 2.388 ; contador[3]                 ; contador[1]                 ; clk          ; clk         ; 0.000        ; 0.079      ; 2.653      ;
; 2.389 ; contador[3]                 ; contador[2]                 ; clk          ; clk         ; 0.000        ; 0.079      ; 2.654      ;
; 2.403 ; contador[0]                 ; estado_actual.AMARILLO_ON_1 ; clk          ; clk         ; 0.000        ; 0.080      ; 2.669      ;
; 2.408 ; contador[3]                 ; estado_actual.AMARILLO_ON_1 ; clk          ; clk         ; 0.000        ; 0.080      ; 2.674      ;
; 2.409 ; contador[0]                 ; estado_actual.VERDE         ; clk          ; clk         ; 0.000        ; 0.080      ; 2.675      ;
; 2.413 ; contador[3]                 ; estado_actual.VERDE         ; clk          ; clk         ; 0.000        ; 0.080      ; 2.679      ;
+-------+-----------------------------+-----------------------------+--------------+-------------+--------------+------------+------------+


-----------------------------------------------
; Slow 1200mV 85C Model Metastability Summary ;
-----------------------------------------------
No synchronizer chains to report.


+--------------------------------------------------+
; Slow 1200mV 0C Model Fmax Summary                ;
+------------+-----------------+------------+------+
; Fmax       ; Restricted Fmax ; Clock Name ; Note ;
+------------+-----------------+------------+------+
; 249.69 MHz ; 249.69 MHz      ; clk        ;      ;
+------------+-----------------+------------+------+
This panel reports FMAX for every clock in the design, regardless of the user-specified clock periods.  FMAX is only computed for paths where the source and destination registers or ports are driven by the same clock.  Paths of different clocks, including generated clocks, are ignored.  For paths between a clock and its inversion, FMAX is computed as if the rising and falling edges are scaled along with FMAX, such that the duty cycle (in terms of a percentage) is maintained. Altera recommends that you always use clock constraints and other slack reports for sign-off analysis.


+------------------------------------+
; Slow 1200mV 0C Model Setup Summary ;
+-------+--------+-------------------+
; Clock ; Slack  ; End Point TNS     ;
+-------+--------+-------------------+
; clk   ; -3.005 ; -25.842           ;
+-------+--------+-------------------+


+-----------------------------------+
; Slow 1200mV 0C Model Hold Summary ;
+-------+-------+-------------------+
; Clock ; Slack ; End Point TNS     ;
+-------+-------+-------------------+
; clk   ; 0.354 ; 0.000             ;
+-------+-------+-------------------+


-----------------------------------------
; Slow 1200mV 0C Model Recovery Summary ;
-----------------------------------------
No paths to report.


----------------------------------------
; Slow 1200mV 0C Model Removal Summary ;
----------------------------------------
No paths to report.


+--------------------------------------------------+
; Slow 1200mV 0C Model Minimum Pulse Width Summary ;
+-------+--------+---------------------------------+
; Clock ; Slack  ; End Point TNS                   ;
+-------+--------+---------------------------------+
; clk   ; -3.000 ; -15.850                         ;
+-------+--------+---------------------------------+


+------------------------------------------------------------------------------------------------------------------------------------------+
; Slow 1200mV 0C Model Setup: 'clk'                                                                                                        ;
+--------+-----------------------------+-----------------------------+--------------+-------------+--------------+------------+------------+
; Slack  ; From Node                   ; To Node                     ; Launch Clock ; Latch Clock ; Relationship ; Clock Skew ; Data Delay ;
+--------+-----------------------------+-----------------------------+--------------+-------------+--------------+------------+------------+
; -3.005 ; contador[0]                 ; contador[1]                 ; clk          ; clk         ; 1.000        ; -0.072     ; 3.932      ;
; -3.005 ; contador[0]                 ; contador[0]                 ; clk          ; clk         ; 1.000        ; -0.072     ; 3.932      ;
; -3.005 ; contador[0]                 ; contador[2]                 ; clk          ; clk         ; 1.000        ; -0.072     ; 3.932      ;
; -3.005 ; contador[0]                 ; contador[3]                 ; clk          ; clk         ; 1.000        ; -0.072     ; 3.932      ;
; -2.976 ; contador[3]                 ; contador[1]                 ; clk          ; clk         ; 1.000        ; -0.072     ; 3.903      ;
; -2.976 ; contador[3]                 ; contador[0]                 ; clk          ; clk         ; 1.000        ; -0.072     ; 3.903      ;
; -2.976 ; contador[3]                 ; contador[2]                 ; clk          ; clk         ; 1.000        ; -0.072     ; 3.903      ;
; -2.976 ; contador[3]                 ; contador[3]                 ; clk          ; clk         ; 1.000        ; -0.072     ; 3.903      ;
; -2.872 ; contador[2]                 ; contador[1]                 ; clk          ; clk         ; 1.000        ; -0.072     ; 3.799      ;
; -2.872 ; contador[2]                 ; contador[0]                 ; clk          ; clk         ; 1.000        ; -0.072     ; 3.799      ;
; -2.872 ; contador[2]                 ; contador[2]                 ; clk          ; clk         ; 1.000        ; -0.072     ; 3.799      ;
; -2.872 ; contador[2]                 ; contador[3]                 ; clk          ; clk         ; 1.000        ; -0.072     ; 3.799      ;
; -2.835 ; estado_actual.INACTIVO      ; contador[1]                 ; clk          ; clk         ; 1.000        ; -0.072     ; 3.762      ;
; -2.835 ; estado_actual.INACTIVO      ; contador[0]                 ; clk          ; clk         ; 1.000        ; -0.072     ; 3.762      ;
; -2.835 ; estado_actual.INACTIVO      ; contador[2]                 ; clk          ; clk         ; 1.000        ; -0.072     ; 3.762      ;
; -2.835 ; estado_actual.INACTIVO      ; contador[3]                 ; clk          ; clk         ; 1.000        ; -0.072     ; 3.762      ;
; -2.803 ; estado_actual.AMARILLO_ON_2 ; contador[1]                 ; clk          ; clk         ; 1.000        ; -0.072     ; 3.730      ;
; -2.803 ; estado_actual.AMARILLO_ON_2 ; contador[0]                 ; clk          ; clk         ; 1.000        ; -0.072     ; 3.730      ;
; -2.803 ; estado_actual.AMARILLO_ON_2 ; contador[2]                 ; clk          ; clk         ; 1.000        ; -0.072     ; 3.730      ;
; -2.803 ; estado_actual.AMARILLO_ON_2 ; contador[3]                 ; clk          ; clk         ; 1.000        ; -0.072     ; 3.730      ;
; -2.735 ; contador[1]                 ; contador[1]                 ; clk          ; clk         ; 1.000        ; -0.072     ; 3.662      ;
; -2.735 ; contador[1]                 ; contador[0]                 ; clk          ; clk         ; 1.000        ; -0.072     ; 3.662      ;
; -2.735 ; contador[1]                 ; contador[2]                 ; clk          ; clk         ; 1.000        ; -0.072     ; 3.662      ;
; -2.735 ; contador[1]                 ; contador[3]                 ; clk          ; clk         ; 1.000        ; -0.072     ; 3.662      ;
; -2.693 ; estado_actual.AMARILLO_ON_1 ; contador[1]                 ; clk          ; clk         ; 1.000        ; -0.072     ; 3.620      ;
; -2.693 ; estado_actual.AMARILLO_ON_1 ; contador[0]                 ; clk          ; clk         ; 1.000        ; -0.072     ; 3.620      ;
; -2.693 ; estado_actual.AMARILLO_ON_1 ; contador[2]                 ; clk          ; clk         ; 1.000        ; -0.072     ; 3.620      ;
; -2.693 ; estado_actual.AMARILLO_ON_1 ; contador[3]                 ; clk          ; clk         ; 1.000        ; -0.072     ; 3.620      ;
; -2.583 ; estado_actual.VERDE         ; contador[1]                 ; clk          ; clk         ; 1.000        ; -0.072     ; 3.510      ;
; -2.583 ; estado_actual.VERDE         ; contador[0]                 ; clk          ; clk         ; 1.000        ; -0.072     ; 3.510      ;
; -2.583 ; estado_actual.VERDE         ; contador[2]                 ; clk          ; clk         ; 1.000        ; -0.072     ; 3.510      ;
; -2.583 ; estado_actual.VERDE         ; contador[3]                 ; clk          ; clk         ; 1.000        ; -0.072     ; 3.510      ;
; -2.548 ; estado_actual.AMARILLO_OFF  ; contador[1]                 ; clk          ; clk         ; 1.000        ; -0.072     ; 3.475      ;
; -2.548 ; estado_actual.AMARILLO_OFF  ; contador[0]                 ; clk          ; clk         ; 1.000        ; -0.072     ; 3.475      ;
; -2.548 ; estado_actual.AMARILLO_OFF  ; contador[2]                 ; clk          ; clk         ; 1.000        ; -0.072     ; 3.475      ;
; -2.548 ; estado_actual.AMARILLO_OFF  ; contador[3]                 ; clk          ; clk         ; 1.000        ; -0.072     ; 3.475      ;
; -2.519 ; contador[0]                 ; estado_actual.AMARILLO_ON_2 ; clk          ; clk         ; 1.000        ; -0.071     ; 3.447      ;
; -2.519 ; contador[0]                 ; estado_actual.AMARILLO_OFF  ; clk          ; clk         ; 1.000        ; -0.071     ; 3.447      ;
; -2.490 ; contador[3]                 ; estado_actual.AMARILLO_ON_2 ; clk          ; clk         ; 1.000        ; -0.071     ; 3.418      ;
; -2.490 ; contador[3]                 ; estado_actual.AMARILLO_OFF  ; clk          ; clk         ; 1.000        ; -0.071     ; 3.418      ;
; -2.463 ; estado_actual.ROJO          ; contador[1]                 ; clk          ; clk         ; 1.000        ; -0.072     ; 3.390      ;
; -2.463 ; estado_actual.ROJO          ; contador[0]                 ; clk          ; clk         ; 1.000        ; -0.072     ; 3.390      ;
; -2.463 ; estado_actual.ROJO          ; contador[2]                 ; clk          ; clk         ; 1.000        ; -0.072     ; 3.390      ;
; -2.463 ; estado_actual.ROJO          ; contador[3]                 ; clk          ; clk         ; 1.000        ; -0.072     ; 3.390      ;
; -2.381 ; contador[2]                 ; estado_actual.AMARILLO_ON_2 ; clk          ; clk         ; 1.000        ; -0.071     ; 3.309      ;
; -2.381 ; contador[2]                 ; estado_actual.AMARILLO_OFF  ; clk          ; clk         ; 1.000        ; -0.071     ; 3.309      ;
; -2.351 ; contador[0]                 ; estado_actual.VERDE         ; clk          ; clk         ; 1.000        ; -0.071     ; 3.279      ;
; -2.333 ; estado_actual.INACTIVO      ; estado_actual.AMARILLO_ON_2 ; clk          ; clk         ; 1.000        ; -0.071     ; 3.261      ;
; -2.333 ; estado_actual.INACTIVO      ; estado_actual.AMARILLO_OFF  ; clk          ; clk         ; 1.000        ; -0.071     ; 3.261      ;
; -2.322 ; contador[3]                 ; estado_actual.VERDE         ; clk          ; clk         ; 1.000        ; -0.071     ; 3.250      ;
; -2.318 ; contador[0]                 ; estado_actual.AMARILLO_ON_1 ; clk          ; clk         ; 1.000        ; -0.071     ; 3.246      ;
; -2.301 ; estado_actual.AMARILLO_ON_2 ; estado_actual.AMARILLO_ON_2 ; clk          ; clk         ; 1.000        ; -0.071     ; 3.229      ;
; -2.301 ; estado_actual.AMARILLO_ON_2 ; estado_actual.AMARILLO_OFF  ; clk          ; clk         ; 1.000        ; -0.071     ; 3.229      ;
; -2.289 ; contador[3]                 ; estado_actual.AMARILLO_ON_1 ; clk          ; clk         ; 1.000        ; -0.071     ; 3.217      ;
; -2.233 ; contador[1]                 ; estado_actual.AMARILLO_ON_2 ; clk          ; clk         ; 1.000        ; -0.071     ; 3.161      ;
; -2.233 ; contador[1]                 ; estado_actual.AMARILLO_OFF  ; clk          ; clk         ; 1.000        ; -0.071     ; 3.161      ;
; -2.213 ; contador[2]                 ; estado_actual.VERDE         ; clk          ; clk         ; 1.000        ; -0.071     ; 3.141      ;
; -2.191 ; estado_actual.AMARILLO_ON_1 ; estado_actual.AMARILLO_ON_2 ; clk          ; clk         ; 1.000        ; -0.071     ; 3.119      ;
; -2.191 ; estado_actual.AMARILLO_ON_1 ; estado_actual.AMARILLO_OFF  ; clk          ; clk         ; 1.000        ; -0.071     ; 3.119      ;
; -2.180 ; contador[2]                 ; estado_actual.AMARILLO_ON_1 ; clk          ; clk         ; 1.000        ; -0.071     ; 3.108      ;
; -2.164 ; estado_actual.INACTIVO      ; estado_actual.VERDE         ; clk          ; clk         ; 1.000        ; -0.071     ; 3.092      ;
; -2.132 ; estado_actual.AMARILLO_ON_2 ; estado_actual.VERDE         ; clk          ; clk         ; 1.000        ; -0.071     ; 3.060      ;
; -2.123 ; estado_actual.INACTIVO      ; estado_actual.AMARILLO_ON_1 ; clk          ; clk         ; 1.000        ; -0.071     ; 3.051      ;
; -2.097 ; estado_actual.VERDE         ; estado_actual.AMARILLO_ON_2 ; clk          ; clk         ; 1.000        ; -0.071     ; 3.025      ;
; -2.097 ; estado_actual.VERDE         ; estado_actual.AMARILLO_OFF  ; clk          ; clk         ; 1.000        ; -0.071     ; 3.025      ;
; -2.091 ; estado_actual.AMARILLO_ON_2 ; estado_actual.AMARILLO_ON_1 ; clk          ; clk         ; 1.000        ; -0.071     ; 3.019      ;
; -2.064 ; contador[1]                 ; estado_actual.VERDE         ; clk          ; clk         ; 1.000        ; -0.071     ; 2.992      ;
; -2.058 ; contador[0]                 ; estado_actual.INACTIVO      ; clk          ; clk         ; 1.000        ; -0.071     ; 2.986      ;
; -2.057 ; contador[0]                 ; estado_actual.ROJO          ; clk          ; clk         ; 1.000        ; -0.071     ; 2.985      ;
; -2.046 ; estado_actual.AMARILLO_OFF  ; estado_actual.AMARILLO_ON_2 ; clk          ; clk         ; 1.000        ; -0.071     ; 2.974      ;
; -2.046 ; estado_actual.AMARILLO_OFF  ; estado_actual.AMARILLO_OFF  ; clk          ; clk         ; 1.000        ; -0.071     ; 2.974      ;
; -2.029 ; contador[3]                 ; estado_actual.INACTIVO      ; clk          ; clk         ; 1.000        ; -0.071     ; 2.957      ;
; -2.028 ; contador[3]                 ; estado_actual.ROJO          ; clk          ; clk         ; 1.000        ; -0.071     ; 2.956      ;
; -2.023 ; contador[1]                 ; estado_actual.AMARILLO_ON_1 ; clk          ; clk         ; 1.000        ; -0.071     ; 2.951      ;
; -2.022 ; estado_actual.AMARILLO_ON_1 ; estado_actual.VERDE         ; clk          ; clk         ; 1.000        ; -0.071     ; 2.950      ;
; -1.981 ; estado_actual.AMARILLO_ON_1 ; estado_actual.AMARILLO_ON_1 ; clk          ; clk         ; 1.000        ; -0.071     ; 2.909      ;
; -1.961 ; estado_actual.ROJO          ; estado_actual.AMARILLO_ON_2 ; clk          ; clk         ; 1.000        ; -0.071     ; 2.889      ;
; -1.961 ; estado_actual.ROJO          ; estado_actual.AMARILLO_OFF  ; clk          ; clk         ; 1.000        ; -0.071     ; 2.889      ;
; -1.929 ; estado_actual.VERDE         ; estado_actual.VERDE         ; clk          ; clk         ; 1.000        ; -0.071     ; 2.857      ;
; -1.920 ; contador[2]                 ; estado_actual.INACTIVO      ; clk          ; clk         ; 1.000        ; -0.071     ; 2.848      ;
; -1.919 ; contador[2]                 ; estado_actual.ROJO          ; clk          ; clk         ; 1.000        ; -0.071     ; 2.847      ;
; -1.896 ; estado_actual.VERDE         ; estado_actual.AMARILLO_ON_1 ; clk          ; clk         ; 1.000        ; -0.071     ; 2.824      ;
; -1.877 ; estado_actual.AMARILLO_OFF  ; estado_actual.VERDE         ; clk          ; clk         ; 1.000        ; -0.071     ; 2.805      ;
; -1.870 ; estado_actual.INACTIVO      ; estado_actual.INACTIVO      ; clk          ; clk         ; 1.000        ; -0.071     ; 2.798      ;
; -1.868 ; estado_actual.INACTIVO      ; estado_actual.ROJO          ; clk          ; clk         ; 1.000        ; -0.071     ; 2.796      ;
; -1.842 ; estado_actual.AMARILLO_OFF  ; estado_actual.AMARILLO_ON_1 ; clk          ; clk         ; 1.000        ; -0.071     ; 2.770      ;
; -1.838 ; estado_actual.AMARILLO_ON_2 ; estado_actual.INACTIVO      ; clk          ; clk         ; 1.000        ; -0.071     ; 2.766      ;
; -1.836 ; estado_actual.AMARILLO_ON_2 ; estado_actual.ROJO          ; clk          ; clk         ; 1.000        ; -0.071     ; 2.764      ;
; -1.792 ; estado_actual.ROJO          ; estado_actual.VERDE         ; clk          ; clk         ; 1.000        ; -0.071     ; 2.720      ;
; -1.770 ; contador[1]                 ; estado_actual.INACTIVO      ; clk          ; clk         ; 1.000        ; -0.071     ; 2.698      ;
; -1.768 ; contador[1]                 ; estado_actual.ROJO          ; clk          ; clk         ; 1.000        ; -0.071     ; 2.696      ;
; -1.754 ; estado_actual.ROJO          ; estado_actual.AMARILLO_ON_1 ; clk          ; clk         ; 1.000        ; -0.071     ; 2.682      ;
; -1.728 ; estado_actual.AMARILLO_ON_1 ; estado_actual.INACTIVO      ; clk          ; clk         ; 1.000        ; -0.071     ; 2.656      ;
; -1.726 ; estado_actual.AMARILLO_ON_1 ; estado_actual.ROJO          ; clk          ; clk         ; 1.000        ; -0.071     ; 2.654      ;
; -1.636 ; estado_actual.VERDE         ; estado_actual.INACTIVO      ; clk          ; clk         ; 1.000        ; -0.071     ; 2.564      ;
; -1.635 ; estado_actual.VERDE         ; estado_actual.ROJO          ; clk          ; clk         ; 1.000        ; -0.071     ; 2.563      ;
; -1.583 ; estado_actual.AMARILLO_OFF  ; estado_actual.INACTIVO      ; clk          ; clk         ; 1.000        ; -0.071     ; 2.511      ;
; -1.581 ; estado_actual.AMARILLO_OFF  ; estado_actual.ROJO          ; clk          ; clk         ; 1.000        ; -0.071     ; 2.509      ;
; -1.498 ; estado_actual.ROJO          ; estado_actual.INACTIVO      ; clk          ; clk         ; 1.000        ; -0.071     ; 2.426      ;
; -1.496 ; estado_actual.ROJO          ; estado_actual.ROJO          ; clk          ; clk         ; 1.000        ; -0.071     ; 2.424      ;
+--------+-----------------------------+-----------------------------+--------------+-------------+--------------+------------+------------+


+-----------------------------------------------------------------------------------------------------------------------------------------+
; Slow 1200mV 0C Model Hold: 'clk'                                                                                                        ;
+-------+-----------------------------+-----------------------------+--------------+-------------+--------------+------------+------------+
; Slack ; From Node                   ; To Node                     ; Launch Clock ; Latch Clock ; Relationship ; Clock Skew ; Data Delay ;
+-------+-----------------------------+-----------------------------+--------------+-------------+--------------+------------+------------+
; 0.354 ; contador[1]                 ; contador[1]                 ; clk          ; clk         ; 0.000        ; 0.072      ; 0.597      ;
; 0.354 ; contador[2]                 ; contador[2]                 ; clk          ; clk         ; 0.000        ; 0.072      ; 0.597      ;
; 0.355 ; estado_actual.AMARILLO_ON_2 ; estado_actual.AMARILLO_ON_2 ; clk          ; clk         ; 0.000        ; 0.071      ; 0.597      ;
; 0.355 ; estado_actual.ROJO          ; estado_actual.ROJO          ; clk          ; clk         ; 0.000        ; 0.071      ; 0.597      ;
; 0.355 ; estado_actual.INACTIVO      ; estado_actual.INACTIVO      ; clk          ; clk         ; 0.000        ; 0.071      ; 0.597      ;
; 0.355 ; estado_actual.VERDE         ; estado_actual.VERDE         ; clk          ; clk         ; 0.000        ; 0.071      ; 0.597      ;
; 0.355 ; estado_actual.AMARILLO_ON_1 ; estado_actual.AMARILLO_ON_1 ; clk          ; clk         ; 0.000        ; 0.071      ; 0.597      ;
; 0.355 ; estado_actual.AMARILLO_OFF  ; estado_actual.AMARILLO_OFF  ; clk          ; clk         ; 0.000        ; 0.071      ; 0.597      ;
; 0.365 ; contador[0]                 ; contador[0]                 ; clk          ; clk         ; 0.000        ; 0.072      ; 0.608      ;
; 0.618 ; estado_actual.AMARILLO_OFF  ; estado_actual.AMARILLO_ON_2 ; clk          ; clk         ; 0.000        ; 0.071      ; 0.860      ;
; 0.618 ; estado_actual.AMARILLO_ON_1 ; estado_actual.AMARILLO_OFF  ; clk          ; clk         ; 0.000        ; 0.071      ; 0.860      ;
; 0.784 ; contador[0]                 ; contador[2]                 ; clk          ; clk         ; 0.000        ; 0.072      ; 1.027      ;
; 0.785 ; contador[0]                 ; contador[1]                 ; clk          ; clk         ; 0.000        ; 0.072      ; 1.028      ;
; 0.949 ; contador[1]                 ; estado_actual.AMARILLO_OFF  ; clk          ; clk         ; 0.000        ; 0.072      ; 1.192      ;
; 0.952 ; contador[1]                 ; estado_actual.AMARILLO_ON_2 ; clk          ; clk         ; 0.000        ; 0.072      ; 1.195      ;
; 1.018 ; contador[2]                 ; estado_actual.AMARILLO_OFF  ; clk          ; clk         ; 0.000        ; 0.072      ; 1.261      ;
; 1.022 ; contador[2]                 ; estado_actual.AMARILLO_ON_2 ; clk          ; clk         ; 0.000        ; 0.072      ; 1.265      ;
; 1.032 ; contador[1]                 ; contador[2]                 ; clk          ; clk         ; 0.000        ; 0.072      ; 1.275      ;
; 1.132 ; contador[3]                 ; estado_actual.AMARILLO_OFF  ; clk          ; clk         ; 0.000        ; 0.072      ; 1.375      ;
; 1.133 ; contador[0]                 ; estado_actual.AMARILLO_OFF  ; clk          ; clk         ; 0.000        ; 0.072      ; 1.376      ;
; 1.136 ; contador[3]                 ; estado_actual.AMARILLO_ON_2 ; clk          ; clk         ; 0.000        ; 0.072      ; 1.379      ;
; 1.137 ; contador[0]                 ; estado_actual.AMARILLO_ON_2 ; clk          ; clk         ; 0.000        ; 0.072      ; 1.380      ;
; 1.194 ; estado_actual.ROJO          ; estado_actual.INACTIVO      ; clk          ; clk         ; 0.000        ; 0.071      ; 1.436      ;
; 1.206 ; contador[0]                 ; contador[3]                 ; clk          ; clk         ; 0.000        ; 0.072      ; 1.449      ;
; 1.280 ; contador[3]                 ; contador[3]                 ; clk          ; clk         ; 0.000        ; 0.072      ; 1.523      ;
; 1.288 ; contador[2]                 ; contador[3]                 ; clk          ; clk         ; 0.000        ; 0.072      ; 1.531      ;
; 1.308 ; estado_actual.VERDE         ; estado_actual.ROJO          ; clk          ; clk         ; 0.000        ; 0.071      ; 1.550      ;
; 1.309 ; estado_actual.VERDE         ; estado_actual.INACTIVO      ; clk          ; clk         ; 0.000        ; 0.071      ; 1.551      ;
; 1.319 ; contador[1]                 ; contador[3]                 ; clk          ; clk         ; 0.000        ; 0.072      ; 1.562      ;
; 1.464 ; contador[1]                 ; estado_actual.ROJO          ; clk          ; clk         ; 0.000        ; 0.072      ; 1.707      ;
; 1.475 ; estado_actual.VERDE         ; contador[1]                 ; clk          ; clk         ; 0.000        ; 0.071      ; 1.717      ;
; 1.477 ; estado_actual.VERDE         ; contador[2]                 ; clk          ; clk         ; 0.000        ; 0.071      ; 1.719      ;
; 1.477 ; estado_actual.VERDE         ; contador[3]                 ; clk          ; clk         ; 0.000        ; 0.071      ; 1.719      ;
; 1.493 ; estado_actual.VERDE         ; contador[0]                 ; clk          ; clk         ; 0.000        ; 0.071      ; 1.735      ;
; 1.525 ; contador[1]                 ; estado_actual.INACTIVO      ; clk          ; clk         ; 0.000        ; 0.072      ; 1.768      ;
; 1.530 ; contador[2]                 ; estado_actual.ROJO          ; clk          ; clk         ; 0.000        ; 0.072      ; 1.773      ;
; 1.534 ; estado_actual.VERDE         ; estado_actual.AMARILLO_ON_1 ; clk          ; clk         ; 0.000        ; 0.071      ; 1.776      ;
; 1.541 ; estado_actual.INACTIVO      ; estado_actual.ROJO          ; clk          ; clk         ; 0.000        ; 0.071      ; 1.783      ;
; 1.557 ; estado_actual.AMARILLO_ON_1 ; estado_actual.ROJO          ; clk          ; clk         ; 0.000        ; 0.071      ; 1.799      ;
; 1.558 ; estado_actual.AMARILLO_ON_1 ; estado_actual.INACTIVO      ; clk          ; clk         ; 0.000        ; 0.071      ; 1.800      ;
; 1.583 ; estado_actual.INACTIVO      ; estado_actual.VERDE         ; clk          ; clk         ; 0.000        ; 0.071      ; 1.825      ;
; 1.625 ; estado_actual.AMARILLO_ON_2 ; estado_actual.ROJO          ; clk          ; clk         ; 0.000        ; 0.071      ; 1.867      ;
; 1.639 ; contador[2]                 ; estado_actual.INACTIVO      ; clk          ; clk         ; 0.000        ; 0.072      ; 1.882      ;
; 1.644 ; contador[3]                 ; estado_actual.ROJO          ; clk          ; clk         ; 0.000        ; 0.072      ; 1.887      ;
; 1.645 ; contador[0]                 ; estado_actual.ROJO          ; clk          ; clk         ; 0.000        ; 0.072      ; 1.888      ;
; 1.682 ; estado_actual.INACTIVO      ; contador[1]                 ; clk          ; clk         ; 0.000        ; 0.071      ; 1.924      ;
; 1.684 ; estado_actual.ROJO          ; estado_actual.AMARILLO_ON_1 ; clk          ; clk         ; 0.000        ; 0.071      ; 1.926      ;
; 1.684 ; estado_actual.INACTIVO      ; contador[2]                 ; clk          ; clk         ; 0.000        ; 0.071      ; 1.926      ;
; 1.684 ; estado_actual.INACTIVO      ; contador[3]                 ; clk          ; clk         ; 0.000        ; 0.071      ; 1.926      ;
; 1.698 ; estado_actual.AMARILLO_ON_1 ; contador[1]                 ; clk          ; clk         ; 0.000        ; 0.071      ; 1.940      ;
; 1.700 ; estado_actual.AMARILLO_ON_1 ; contador[2]                 ; clk          ; clk         ; 0.000        ; 0.071      ; 1.942      ;
; 1.700 ; estado_actual.AMARILLO_ON_1 ; contador[3]                 ; clk          ; clk         ; 0.000        ; 0.071      ; 1.942      ;
; 1.701 ; estado_actual.ROJO          ; estado_actual.VERDE         ; clk          ; clk         ; 0.000        ; 0.071      ; 1.943      ;
; 1.705 ; estado_actual.INACTIVO      ; contador[0]                 ; clk          ; clk         ; 0.000        ; 0.071      ; 1.947      ;
; 1.711 ; estado_actual.VERDE         ; estado_actual.AMARILLO_ON_2 ; clk          ; clk         ; 0.000        ; 0.071      ; 1.953      ;
; 1.711 ; estado_actual.VERDE         ; estado_actual.AMARILLO_OFF  ; clk          ; clk         ; 0.000        ; 0.071      ; 1.953      ;
; 1.716 ; contador[0]                 ; estado_actual.INACTIVO      ; clk          ; clk         ; 0.000        ; 0.072      ; 1.959      ;
; 1.720 ; contador[3]                 ; estado_actual.INACTIVO      ; clk          ; clk         ; 0.000        ; 0.072      ; 1.963      ;
; 1.721 ; estado_actual.AMARILLO_ON_1 ; contador[0]                 ; clk          ; clk         ; 0.000        ; 0.071      ; 1.963      ;
; 1.721 ; estado_actual.AMARILLO_ON_2 ; estado_actual.INACTIVO      ; clk          ; clk         ; 0.000        ; 0.071      ; 1.963      ;
; 1.763 ; estado_actual.AMARILLO_ON_1 ; estado_actual.VERDE         ; clk          ; clk         ; 0.000        ; 0.071      ; 2.005      ;
; 1.765 ; estado_actual.INACTIVO      ; estado_actual.AMARILLO_ON_1 ; clk          ; clk         ; 0.000        ; 0.071      ; 2.007      ;
; 1.849 ; estado_actual.AMARILLO_OFF  ; estado_actual.ROJO          ; clk          ; clk         ; 0.000        ; 0.071      ; 2.091      ;
; 1.850 ; estado_actual.AMARILLO_OFF  ; estado_actual.INACTIVO      ; clk          ; clk         ; 0.000        ; 0.071      ; 2.092      ;
; 1.868 ; estado_actual.AMARILLO_OFF  ; estado_actual.AMARILLO_ON_1 ; clk          ; clk         ; 0.000        ; 0.071      ; 2.110      ;
; 1.873 ; estado_actual.ROJO          ; contador[1]                 ; clk          ; clk         ; 0.000        ; 0.071      ; 2.115      ;
; 1.875 ; estado_actual.ROJO          ; contador[2]                 ; clk          ; clk         ; 0.000        ; 0.071      ; 2.117      ;
; 1.875 ; estado_actual.ROJO          ; contador[3]                 ; clk          ; clk         ; 0.000        ; 0.071      ; 2.117      ;
; 1.896 ; estado_actual.ROJO          ; contador[0]                 ; clk          ; clk         ; 0.000        ; 0.071      ; 2.138      ;
; 1.898 ; estado_actual.AMARILLO_ON_2 ; contador[1]                 ; clk          ; clk         ; 0.000        ; 0.071      ; 2.140      ;
; 1.900 ; estado_actual.AMARILLO_ON_2 ; contador[2]                 ; clk          ; clk         ; 0.000        ; 0.071      ; 2.142      ;
; 1.900 ; estado_actual.AMARILLO_ON_2 ; contador[3]                 ; clk          ; clk         ; 0.000        ; 0.071      ; 2.142      ;
; 1.905 ; estado_actual.AMARILLO_ON_2 ; contador[0]                 ; clk          ; clk         ; 0.000        ; 0.071      ; 2.147      ;
; 1.926 ; estado_actual.AMARILLO_ON_2 ; estado_actual.VERDE         ; clk          ; clk         ; 0.000        ; 0.071      ; 2.168      ;
; 1.945 ; contador[1]                 ; contador[0]                 ; clk          ; clk         ; 0.000        ; 0.072      ; 2.188      ;
; 1.946 ; estado_actual.AMARILLO_ON_2 ; estado_actual.AMARILLO_ON_1 ; clk          ; clk         ; 0.000        ; 0.071      ; 2.188      ;
; 1.950 ; estado_actual.INACTIVO      ; estado_actual.AMARILLO_ON_2 ; clk          ; clk         ; 0.000        ; 0.071      ; 2.192      ;
; 1.950 ; estado_actual.INACTIVO      ; estado_actual.AMARILLO_OFF  ; clk          ; clk         ; 0.000        ; 0.071      ; 2.192      ;
; 1.966 ; contador[1]                 ; estado_actual.VERDE         ; clk          ; clk         ; 0.000        ; 0.072      ; 2.209      ;
; 1.980 ; estado_actual.AMARILLO_ON_1 ; estado_actual.AMARILLO_ON_2 ; clk          ; clk         ; 0.000        ; 0.071      ; 2.222      ;
; 1.986 ; contador[1]                 ; estado_actual.AMARILLO_ON_1 ; clk          ; clk         ; 0.000        ; 0.072      ; 2.229      ;
; 1.994 ; estado_actual.AMARILLO_OFF  ; contador[1]                 ; clk          ; clk         ; 0.000        ; 0.071      ; 2.236      ;
; 1.996 ; estado_actual.AMARILLO_OFF  ; contador[2]                 ; clk          ; clk         ; 0.000        ; 0.071      ; 2.238      ;
; 1.996 ; estado_actual.AMARILLO_OFF  ; contador[3]                 ; clk          ; clk         ; 0.000        ; 0.071      ; 2.238      ;
; 2.017 ; estado_actual.AMARILLO_OFF  ; contador[0]                 ; clk          ; clk         ; 0.000        ; 0.071      ; 2.259      ;
; 2.048 ; contador[2]                 ; contador[0]                 ; clk          ; clk         ; 0.000        ; 0.072      ; 2.291      ;
; 2.049 ; estado_actual.AMARILLO_OFF  ; estado_actual.VERDE         ; clk          ; clk         ; 0.000        ; 0.071      ; 2.291      ;
; 2.057 ; contador[2]                 ; estado_actual.VERDE         ; clk          ; clk         ; 0.000        ; 0.072      ; 2.300      ;
; 2.062 ; contador[2]                 ; contador[1]                 ; clk          ; clk         ; 0.000        ; 0.072      ; 2.305      ;
; 2.089 ; contador[2]                 ; estado_actual.AMARILLO_ON_1 ; clk          ; clk         ; 0.000        ; 0.072      ; 2.332      ;
; 2.123 ; estado_actual.AMARILLO_ON_2 ; estado_actual.AMARILLO_OFF  ; clk          ; clk         ; 0.000        ; 0.071      ; 2.365      ;
; 2.153 ; estado_actual.ROJO          ; estado_actual.AMARILLO_ON_2 ; clk          ; clk         ; 0.000        ; 0.071      ; 2.395      ;
; 2.153 ; estado_actual.ROJO          ; estado_actual.AMARILLO_OFF  ; clk          ; clk         ; 0.000        ; 0.071      ; 2.395      ;
; 2.162 ; contador[3]                 ; contador[0]                 ; clk          ; clk         ; 0.000        ; 0.072      ; 2.405      ;
; 2.176 ; contador[0]                 ; estado_actual.VERDE         ; clk          ; clk         ; 0.000        ; 0.072      ; 2.419      ;
; 2.176 ; contador[3]                 ; contador[1]                 ; clk          ; clk         ; 0.000        ; 0.072      ; 2.419      ;
; 2.178 ; contador[3]                 ; contador[2]                 ; clk          ; clk         ; 0.000        ; 0.072      ; 2.421      ;
; 2.183 ; contador[3]                 ; estado_actual.VERDE         ; clk          ; clk         ; 0.000        ; 0.072      ; 2.426      ;
; 2.203 ; contador[3]                 ; estado_actual.AMARILLO_ON_1 ; clk          ; clk         ; 0.000        ; 0.072      ; 2.446      ;
; 2.204 ; contador[0]                 ; estado_actual.AMARILLO_ON_1 ; clk          ; clk         ; 0.000        ; 0.072      ; 2.447      ;
+-------+-----------------------------+-----------------------------+--------------+-------------+--------------+------------+------------+


----------------------------------------------
; Slow 1200mV 0C Model Metastability Summary ;
----------------------------------------------
No synchronizer chains to report.


+------------------------------------+
; Fast 1200mV 0C Model Setup Summary ;
+-------+--------+-------------------+
; Clock ; Slack  ; End Point TNS     ;
+-------+--------+-------------------+
; clk   ; -1.119 ; -9.030            ;
+-------+--------+-------------------+


+-----------------------------------+
; Fast 1200mV 0C Model Hold Summary ;
+-------+-------+-------------------+
; Clock ; Slack ; End Point TNS     ;
+-------+-------+-------------------+
; clk   ; 0.182 ; 0.000             ;
+-------+-------+-------------------+


-----------------------------------------
; Fast 1200mV 0C Model Recovery Summary ;
-----------------------------------------
No paths to report.


----------------------------------------
; Fast 1200mV 0C Model Removal Summary ;
----------------------------------------
No paths to report.


+--------------------------------------------------+
; Fast 1200mV 0C Model Minimum Pulse Width Summary ;
+-------+--------+---------------------------------+
; Clock ; Slack  ; End Point TNS                   ;
+-------+--------+---------------------------------+
; clk   ; -3.000 ; -13.620                         ;
+-------+--------+---------------------------------+


+------------------------------------------------------------------------------------------------------------------------------------------+
; Fast 1200mV 0C Model Setup: 'clk'                                                                                                        ;
+--------+-----------------------------+-----------------------------+--------------+-------------+--------------+------------+------------+
; Slack  ; From Node                   ; To Node                     ; Launch Clock ; Latch Clock ; Relationship ; Clock Skew ; Data Delay ;
+--------+-----------------------------+-----------------------------+--------------+-------------+--------------+------------+------------+
; -1.119 ; contador[0]                 ; contador[1]                 ; clk          ; clk         ; 1.000        ; -0.041     ; 2.065      ;
; -1.119 ; contador[0]                 ; contador[0]                 ; clk          ; clk         ; 1.000        ; -0.041     ; 2.065      ;
; -1.119 ; contador[0]                 ; contador[2]                 ; clk          ; clk         ; 1.000        ; -0.041     ; 2.065      ;
; -1.119 ; contador[0]                 ; contador[3]                 ; clk          ; clk         ; 1.000        ; -0.041     ; 2.065      ;
; -1.118 ; contador[3]                 ; contador[1]                 ; clk          ; clk         ; 1.000        ; -0.041     ; 2.064      ;
; -1.118 ; contador[3]                 ; contador[0]                 ; clk          ; clk         ; 1.000        ; -0.041     ; 2.064      ;
; -1.118 ; contador[3]                 ; contador[2]                 ; clk          ; clk         ; 1.000        ; -0.041     ; 2.064      ;
; -1.118 ; contador[3]                 ; contador[3]                 ; clk          ; clk         ; 1.000        ; -0.041     ; 2.064      ;
; -1.054 ; contador[2]                 ; contador[1]                 ; clk          ; clk         ; 1.000        ; -0.041     ; 2.000      ;
; -1.054 ; contador[2]                 ; contador[0]                 ; clk          ; clk         ; 1.000        ; -0.041     ; 2.000      ;
; -1.054 ; contador[2]                 ; contador[2]                 ; clk          ; clk         ; 1.000        ; -0.041     ; 2.000      ;
; -1.054 ; contador[2]                 ; contador[3]                 ; clk          ; clk         ; 1.000        ; -0.041     ; 2.000      ;
; -0.999 ; estado_actual.INACTIVO      ; contador[1]                 ; clk          ; clk         ; 1.000        ; -0.042     ; 1.944      ;
; -0.999 ; estado_actual.INACTIVO      ; contador[0]                 ; clk          ; clk         ; 1.000        ; -0.042     ; 1.944      ;
; -0.999 ; estado_actual.INACTIVO      ; contador[2]                 ; clk          ; clk         ; 1.000        ; -0.042     ; 1.944      ;
; -0.999 ; estado_actual.INACTIVO      ; contador[3]                 ; clk          ; clk         ; 1.000        ; -0.042     ; 1.944      ;
; -0.974 ; contador[1]                 ; contador[1]                 ; clk          ; clk         ; 1.000        ; -0.041     ; 1.920      ;
; -0.974 ; contador[1]                 ; contador[0]                 ; clk          ; clk         ; 1.000        ; -0.041     ; 1.920      ;
; -0.974 ; contador[1]                 ; contador[2]                 ; clk          ; clk         ; 1.000        ; -0.041     ; 1.920      ;
; -0.974 ; contador[1]                 ; contador[3]                 ; clk          ; clk         ; 1.000        ; -0.041     ; 1.920      ;
; -0.973 ; estado_actual.AMARILLO_ON_2 ; contador[1]                 ; clk          ; clk         ; 1.000        ; -0.042     ; 1.918      ;
; -0.973 ; estado_actual.AMARILLO_ON_2 ; contador[0]                 ; clk          ; clk         ; 1.000        ; -0.042     ; 1.918      ;
; -0.973 ; estado_actual.AMARILLO_ON_2 ; contador[2]                 ; clk          ; clk         ; 1.000        ; -0.042     ; 1.918      ;
; -0.973 ; estado_actual.AMARILLO_ON_2 ; contador[3]                 ; clk          ; clk         ; 1.000        ; -0.042     ; 1.918      ;
; -0.915 ; estado_actual.AMARILLO_ON_1 ; contador[1]                 ; clk          ; clk         ; 1.000        ; -0.042     ; 1.860      ;
; -0.915 ; estado_actual.AMARILLO_ON_1 ; contador[0]                 ; clk          ; clk         ; 1.000        ; -0.042     ; 1.860      ;
; -0.915 ; estado_actual.AMARILLO_ON_1 ; contador[2]                 ; clk          ; clk         ; 1.000        ; -0.042     ; 1.860      ;
; -0.915 ; estado_actual.AMARILLO_ON_1 ; contador[3]                 ; clk          ; clk         ; 1.000        ; -0.042     ; 1.860      ;
; -0.878 ; estado_actual.VERDE         ; contador[1]                 ; clk          ; clk         ; 1.000        ; -0.042     ; 1.823      ;
; -0.878 ; estado_actual.VERDE         ; contador[0]                 ; clk          ; clk         ; 1.000        ; -0.042     ; 1.823      ;
; -0.878 ; estado_actual.VERDE         ; contador[2]                 ; clk          ; clk         ; 1.000        ; -0.042     ; 1.823      ;
; -0.878 ; estado_actual.VERDE         ; contador[3]                 ; clk          ; clk         ; 1.000        ; -0.042     ; 1.823      ;
; -0.863 ; contador[0]                 ; estado_actual.AMARILLO_ON_2 ; clk          ; clk         ; 1.000        ; -0.040     ; 1.810      ;
; -0.863 ; contador[0]                 ; estado_actual.AMARILLO_OFF  ; clk          ; clk         ; 1.000        ; -0.040     ; 1.810      ;
; -0.862 ; contador[3]                 ; estado_actual.AMARILLO_ON_2 ; clk          ; clk         ; 1.000        ; -0.040     ; 1.809      ;
; -0.862 ; contador[3]                 ; estado_actual.AMARILLO_OFF  ; clk          ; clk         ; 1.000        ; -0.040     ; 1.809      ;
; -0.847 ; estado_actual.AMARILLO_OFF  ; contador[1]                 ; clk          ; clk         ; 1.000        ; -0.042     ; 1.792      ;
; -0.847 ; estado_actual.AMARILLO_OFF  ; contador[0]                 ; clk          ; clk         ; 1.000        ; -0.042     ; 1.792      ;
; -0.847 ; estado_actual.AMARILLO_OFF  ; contador[2]                 ; clk          ; clk         ; 1.000        ; -0.042     ; 1.792      ;
; -0.847 ; estado_actual.AMARILLO_OFF  ; contador[3]                 ; clk          ; clk         ; 1.000        ; -0.042     ; 1.792      ;
; -0.834 ; estado_actual.ROJO          ; contador[1]                 ; clk          ; clk         ; 1.000        ; -0.042     ; 1.779      ;
; -0.834 ; estado_actual.ROJO          ; contador[0]                 ; clk          ; clk         ; 1.000        ; -0.042     ; 1.779      ;
; -0.834 ; estado_actual.ROJO          ; contador[2]                 ; clk          ; clk         ; 1.000        ; -0.042     ; 1.779      ;
; -0.834 ; estado_actual.ROJO          ; contador[3]                 ; clk          ; clk         ; 1.000        ; -0.042     ; 1.779      ;
; -0.798 ; contador[2]                 ; estado_actual.AMARILLO_ON_2 ; clk          ; clk         ; 1.000        ; -0.040     ; 1.745      ;
; -0.798 ; contador[2]                 ; estado_actual.AMARILLO_OFF  ; clk          ; clk         ; 1.000        ; -0.040     ; 1.745      ;
; -0.789 ; contador[0]                 ; estado_actual.VERDE         ; clk          ; clk         ; 1.000        ; -0.040     ; 1.736      ;
; -0.788 ; contador[3]                 ; estado_actual.VERDE         ; clk          ; clk         ; 1.000        ; -0.040     ; 1.735      ;
; -0.773 ; contador[0]                 ; estado_actual.AMARILLO_ON_1 ; clk          ; clk         ; 1.000        ; -0.040     ; 1.720      ;
; -0.772 ; contador[3]                 ; estado_actual.AMARILLO_ON_1 ; clk          ; clk         ; 1.000        ; -0.040     ; 1.719      ;
; -0.743 ; estado_actual.INACTIVO      ; estado_actual.AMARILLO_ON_2 ; clk          ; clk         ; 1.000        ; -0.041     ; 1.689      ;
; -0.743 ; estado_actual.INACTIVO      ; estado_actual.AMARILLO_OFF  ; clk          ; clk         ; 1.000        ; -0.041     ; 1.689      ;
; -0.724 ; contador[2]                 ; estado_actual.VERDE         ; clk          ; clk         ; 1.000        ; -0.040     ; 1.671      ;
; -0.718 ; contador[1]                 ; estado_actual.AMARILLO_ON_2 ; clk          ; clk         ; 1.000        ; -0.040     ; 1.665      ;
; -0.718 ; contador[1]                 ; estado_actual.AMARILLO_OFF  ; clk          ; clk         ; 1.000        ; -0.040     ; 1.665      ;
; -0.708 ; contador[2]                 ; estado_actual.AMARILLO_ON_1 ; clk          ; clk         ; 1.000        ; -0.040     ; 1.655      ;
; -0.697 ; estado_actual.AMARILLO_ON_2 ; estado_actual.AMARILLO_ON_2 ; clk          ; clk         ; 1.000        ; -0.041     ; 1.643      ;
; -0.697 ; estado_actual.AMARILLO_ON_2 ; estado_actual.AMARILLO_OFF  ; clk          ; clk         ; 1.000        ; -0.041     ; 1.643      ;
; -0.669 ; estado_actual.INACTIVO      ; estado_actual.VERDE         ; clk          ; clk         ; 1.000        ; -0.041     ; 1.615      ;
; -0.644 ; contador[1]                 ; estado_actual.VERDE         ; clk          ; clk         ; 1.000        ; -0.040     ; 1.591      ;
; -0.641 ; estado_actual.AMARILLO_ON_2 ; estado_actual.VERDE         ; clk          ; clk         ; 1.000        ; -0.041     ; 1.587      ;
; -0.639 ; estado_actual.AMARILLO_ON_1 ; estado_actual.AMARILLO_ON_2 ; clk          ; clk         ; 1.000        ; -0.041     ; 1.585      ;
; -0.639 ; estado_actual.AMARILLO_ON_1 ; estado_actual.AMARILLO_OFF  ; clk          ; clk         ; 1.000        ; -0.041     ; 1.585      ;
; -0.637 ; estado_actual.INACTIVO      ; estado_actual.AMARILLO_ON_1 ; clk          ; clk         ; 1.000        ; -0.041     ; 1.583      ;
; -0.634 ; contador[0]                 ; estado_actual.INACTIVO      ; clk          ; clk         ; 1.000        ; -0.040     ; 1.581      ;
; -0.633 ; contador[3]                 ; estado_actual.INACTIVO      ; clk          ; clk         ; 1.000        ; -0.040     ; 1.580      ;
; -0.632 ; contador[0]                 ; estado_actual.ROJO          ; clk          ; clk         ; 1.000        ; -0.040     ; 1.579      ;
; -0.631 ; contador[3]                 ; estado_actual.ROJO          ; clk          ; clk         ; 1.000        ; -0.040     ; 1.578      ;
; -0.629 ; estado_actual.AMARILLO_ON_2 ; estado_actual.AMARILLO_ON_1 ; clk          ; clk         ; 1.000        ; -0.041     ; 1.575      ;
; -0.628 ; contador[1]                 ; estado_actual.AMARILLO_ON_1 ; clk          ; clk         ; 1.000        ; -0.040     ; 1.575      ;
; -0.602 ; estado_actual.VERDE         ; estado_actual.AMARILLO_ON_2 ; clk          ; clk         ; 1.000        ; -0.041     ; 1.548      ;
; -0.602 ; estado_actual.VERDE         ; estado_actual.AMARILLO_OFF  ; clk          ; clk         ; 1.000        ; -0.041     ; 1.548      ;
; -0.591 ; estado_actual.AMARILLO_OFF  ; estado_actual.AMARILLO_ON_2 ; clk          ; clk         ; 1.000        ; -0.041     ; 1.537      ;
; -0.591 ; estado_actual.AMARILLO_OFF  ; estado_actual.AMARILLO_OFF  ; clk          ; clk         ; 1.000        ; -0.041     ; 1.537      ;
; -0.583 ; estado_actual.AMARILLO_ON_1 ; estado_actual.VERDE         ; clk          ; clk         ; 1.000        ; -0.041     ; 1.529      ;
; -0.578 ; estado_actual.ROJO          ; estado_actual.AMARILLO_ON_2 ; clk          ; clk         ; 1.000        ; -0.041     ; 1.524      ;
; -0.578 ; estado_actual.ROJO          ; estado_actual.AMARILLO_OFF  ; clk          ; clk         ; 1.000        ; -0.041     ; 1.524      ;
; -0.571 ; estado_actual.AMARILLO_ON_1 ; estado_actual.AMARILLO_ON_1 ; clk          ; clk         ; 1.000        ; -0.041     ; 1.517      ;
; -0.569 ; contador[2]                 ; estado_actual.INACTIVO      ; clk          ; clk         ; 1.000        ; -0.040     ; 1.516      ;
; -0.567 ; contador[2]                 ; estado_actual.ROJO          ; clk          ; clk         ; 1.000        ; -0.040     ; 1.514      ;
; -0.546 ; estado_actual.VERDE         ; estado_actual.VERDE         ; clk          ; clk         ; 1.000        ; -0.041     ; 1.492      ;
; -0.534 ; estado_actual.VERDE         ; estado_actual.AMARILLO_ON_1 ; clk          ; clk         ; 1.000        ; -0.041     ; 1.480      ;
; -0.517 ; estado_actual.AMARILLO_OFF  ; estado_actual.VERDE         ; clk          ; clk         ; 1.000        ; -0.041     ; 1.463      ;
; -0.516 ; estado_actual.INACTIVO      ; estado_actual.INACTIVO      ; clk          ; clk         ; 1.000        ; -0.041     ; 1.462      ;
; -0.512 ; estado_actual.INACTIVO      ; estado_actual.ROJO          ; clk          ; clk         ; 1.000        ; -0.041     ; 1.458      ;
; -0.504 ; estado_actual.ROJO          ; estado_actual.VERDE         ; clk          ; clk         ; 1.000        ; -0.041     ; 1.450      ;
; -0.490 ; estado_actual.AMARILLO_OFF  ; estado_actual.AMARILLO_ON_1 ; clk          ; clk         ; 1.000        ; -0.041     ; 1.436      ;
; -0.489 ; contador[1]                 ; estado_actual.INACTIVO      ; clk          ; clk         ; 1.000        ; -0.040     ; 1.436      ;
; -0.488 ; estado_actual.ROJO          ; estado_actual.AMARILLO_ON_1 ; clk          ; clk         ; 1.000        ; -0.041     ; 1.434      ;
; -0.487 ; contador[1]                 ; estado_actual.ROJO          ; clk          ; clk         ; 1.000        ; -0.040     ; 1.434      ;
; -0.478 ; estado_actual.AMARILLO_ON_2 ; estado_actual.INACTIVO      ; clk          ; clk         ; 1.000        ; -0.041     ; 1.424      ;
; -0.475 ; estado_actual.AMARILLO_ON_2 ; estado_actual.ROJO          ; clk          ; clk         ; 1.000        ; -0.041     ; 1.421      ;
; -0.420 ; estado_actual.AMARILLO_ON_1 ; estado_actual.INACTIVO      ; clk          ; clk         ; 1.000        ; -0.041     ; 1.366      ;
; -0.417 ; estado_actual.AMARILLO_ON_1 ; estado_actual.ROJO          ; clk          ; clk         ; 1.000        ; -0.041     ; 1.363      ;
; -0.383 ; estado_actual.VERDE         ; estado_actual.INACTIVO      ; clk          ; clk         ; 1.000        ; -0.041     ; 1.329      ;
; -0.380 ; estado_actual.VERDE         ; estado_actual.ROJO          ; clk          ; clk         ; 1.000        ; -0.041     ; 1.326      ;
; -0.364 ; estado_actual.AMARILLO_OFF  ; estado_actual.INACTIVO      ; clk          ; clk         ; 1.000        ; -0.041     ; 1.310      ;
; -0.360 ; estado_actual.AMARILLO_OFF  ; estado_actual.ROJO          ; clk          ; clk         ; 1.000        ; -0.041     ; 1.306      ;
; -0.349 ; estado_actual.ROJO          ; estado_actual.INACTIVO      ; clk          ; clk         ; 1.000        ; -0.041     ; 1.295      ;
; -0.347 ; estado_actual.ROJO          ; estado_actual.ROJO          ; clk          ; clk         ; 1.000        ; -0.041     ; 1.293      ;
+--------+-----------------------------+-----------------------------+--------------+-------------+--------------+------------+------------+


+-----------------------------------------------------------------------------------------------------------------------------------------+
; Fast 1200mV 0C Model Hold: 'clk'                                                                                                        ;
+-------+-----------------------------+-----------------------------+--------------+-------------+--------------+------------+------------+
; Slack ; From Node                   ; To Node                     ; Launch Clock ; Latch Clock ; Relationship ; Clock Skew ; Data Delay ;
+-------+-----------------------------+-----------------------------+--------------+-------------+--------------+------------+------------+
; 0.182 ; estado_actual.AMARILLO_ON_2 ; estado_actual.AMARILLO_ON_2 ; clk          ; clk         ; 0.000        ; 0.041      ; 0.307      ;
; 0.182 ; contador[1]                 ; contador[1]                 ; clk          ; clk         ; 0.000        ; 0.041      ; 0.307      ;
; 0.182 ; contador[2]                 ; contador[2]                 ; clk          ; clk         ; 0.000        ; 0.041      ; 0.307      ;
; 0.182 ; estado_actual.ROJO          ; estado_actual.ROJO          ; clk          ; clk         ; 0.000        ; 0.041      ; 0.307      ;
; 0.182 ; estado_actual.INACTIVO      ; estado_actual.INACTIVO      ; clk          ; clk         ; 0.000        ; 0.041      ; 0.307      ;
; 0.182 ; estado_actual.VERDE         ; estado_actual.VERDE         ; clk          ; clk         ; 0.000        ; 0.041      ; 0.307      ;
; 0.182 ; estado_actual.AMARILLO_ON_1 ; estado_actual.AMARILLO_ON_1 ; clk          ; clk         ; 0.000        ; 0.041      ; 0.307      ;
; 0.182 ; estado_actual.AMARILLO_OFF  ; estado_actual.AMARILLO_OFF  ; clk          ; clk         ; 0.000        ; 0.041      ; 0.307      ;
; 0.189 ; contador[0]                 ; contador[0]                 ; clk          ; clk         ; 0.000        ; 0.041      ; 0.314      ;
; 0.309 ; estado_actual.AMARILLO_ON_1 ; estado_actual.AMARILLO_OFF  ; clk          ; clk         ; 0.000        ; 0.041      ; 0.434      ;
; 0.313 ; estado_actual.AMARILLO_OFF  ; estado_actual.AMARILLO_ON_2 ; clk          ; clk         ; 0.000        ; 0.041      ; 0.438      ;
; 0.380 ; contador[0]                 ; contador[2]                 ; clk          ; clk         ; 0.000        ; 0.041      ; 0.505      ;
; 0.381 ; contador[0]                 ; contador[1]                 ; clk          ; clk         ; 0.000        ; 0.041      ; 0.506      ;
; 0.458 ; contador[1]                 ; estado_actual.AMARILLO_OFF  ; clk          ; clk         ; 0.000        ; 0.042      ; 0.584      ;
; 0.461 ; contador[1]                 ; estado_actual.AMARILLO_ON_2 ; clk          ; clk         ; 0.000        ; 0.042      ; 0.587      ;
; 0.498 ; contador[1]                 ; contador[2]                 ; clk          ; clk         ; 0.000        ; 0.041      ; 0.623      ;
; 0.548 ; contador[2]                 ; estado_actual.AMARILLO_OFF  ; clk          ; clk         ; 0.000        ; 0.042      ; 0.674      ;
; 0.552 ; contador[2]                 ; estado_actual.AMARILLO_ON_2 ; clk          ; clk         ; 0.000        ; 0.042      ; 0.678      ;
; 0.593 ; contador[0]                 ; contador[3]                 ; clk          ; clk         ; 0.000        ; 0.041      ; 0.718      ;
; 0.602 ; contador[0]                 ; estado_actual.AMARILLO_OFF  ; clk          ; clk         ; 0.000        ; 0.042      ; 0.728      ;
; 0.604 ; estado_actual.ROJO          ; estado_actual.INACTIVO      ; clk          ; clk         ; 0.000        ; 0.041      ; 0.729      ;
; 0.604 ; contador[3]                 ; estado_actual.AMARILLO_OFF  ; clk          ; clk         ; 0.000        ; 0.042      ; 0.730      ;
; 0.606 ; contador[0]                 ; estado_actual.AMARILLO_ON_2 ; clk          ; clk         ; 0.000        ; 0.042      ; 0.732      ;
; 0.608 ; contador[3]                 ; estado_actual.AMARILLO_ON_2 ; clk          ; clk         ; 0.000        ; 0.042      ; 0.734      ;
; 0.627 ; contador[3]                 ; contador[3]                 ; clk          ; clk         ; 0.000        ; 0.041      ; 0.752      ;
; 0.631 ; contador[2]                 ; contador[3]                 ; clk          ; clk         ; 0.000        ; 0.041      ; 0.756      ;
; 0.653 ; contador[1]                 ; contador[3]                 ; clk          ; clk         ; 0.000        ; 0.041      ; 0.778      ;
; 0.656 ; estado_actual.VERDE         ; estado_actual.ROJO          ; clk          ; clk         ; 0.000        ; 0.041      ; 0.781      ;
; 0.658 ; estado_actual.VERDE         ; estado_actual.INACTIVO      ; clk          ; clk         ; 0.000        ; 0.041      ; 0.783      ;
; 0.719 ; contador[1]                 ; estado_actual.ROJO          ; clk          ; clk         ; 0.000        ; 0.042      ; 0.845      ;
; 0.736 ; estado_actual.VERDE         ; contador[1]                 ; clk          ; clk         ; 0.000        ; 0.040      ; 0.860      ;
; 0.737 ; estado_actual.VERDE         ; contador[2]                 ; clk          ; clk         ; 0.000        ; 0.040      ; 0.861      ;
; 0.738 ; estado_actual.VERDE         ; contador[3]                 ; clk          ; clk         ; 0.000        ; 0.040      ; 0.862      ;
; 0.741 ; estado_actual.VERDE         ; contador[0]                 ; clk          ; clk         ; 0.000        ; 0.040      ; 0.865      ;
; 0.747 ; contador[1]                 ; estado_actual.INACTIVO      ; clk          ; clk         ; 0.000        ; 0.042      ; 0.873      ;
; 0.770 ; estado_actual.VERDE         ; estado_actual.AMARILLO_ON_1 ; clk          ; clk         ; 0.000        ; 0.041      ; 0.895      ;
; 0.772 ; estado_actual.INACTIVO      ; estado_actual.VERDE         ; clk          ; clk         ; 0.000        ; 0.041      ; 0.897      ;
; 0.783 ; estado_actual.AMARILLO_ON_1 ; estado_actual.ROJO          ; clk          ; clk         ; 0.000        ; 0.041      ; 0.908      ;
; 0.785 ; estado_actual.AMARILLO_ON_1 ; estado_actual.INACTIVO      ; clk          ; clk         ; 0.000        ; 0.041      ; 0.910      ;
; 0.791 ; estado_actual.INACTIVO      ; estado_actual.ROJO          ; clk          ; clk         ; 0.000        ; 0.041      ; 0.916      ;
; 0.810 ; contador[2]                 ; estado_actual.INACTIVO      ; clk          ; clk         ; 0.000        ; 0.042      ; 0.936      ;
; 0.813 ; estado_actual.AMARILLO_ON_2 ; estado_actual.ROJO          ; clk          ; clk         ; 0.000        ; 0.041      ; 0.938      ;
; 0.815 ; contador[2]                 ; estado_actual.ROJO          ; clk          ; clk         ; 0.000        ; 0.042      ; 0.941      ;
; 0.854 ; contador[0]                 ; estado_actual.INACTIVO      ; clk          ; clk         ; 0.000        ; 0.042      ; 0.980      ;
; 0.855 ; contador[3]                 ; estado_actual.INACTIVO      ; clk          ; clk         ; 0.000        ; 0.042      ; 0.981      ;
; 0.860 ; estado_actual.VERDE         ; estado_actual.AMARILLO_ON_2 ; clk          ; clk         ; 0.000        ; 0.041      ; 0.985      ;
; 0.860 ; estado_actual.VERDE         ; estado_actual.AMARILLO_OFF  ; clk          ; clk         ; 0.000        ; 0.041      ; 0.985      ;
; 0.861 ; estado_actual.ROJO          ; estado_actual.AMARILLO_ON_1 ; clk          ; clk         ; 0.000        ; 0.041      ; 0.986      ;
; 0.863 ; estado_actual.ROJO          ; estado_actual.VERDE         ; clk          ; clk         ; 0.000        ; 0.041      ; 0.988      ;
; 0.863 ; estado_actual.AMARILLO_ON_1 ; contador[1]                 ; clk          ; clk         ; 0.000        ; 0.040      ; 0.987      ;
; 0.864 ; estado_actual.AMARILLO_ON_1 ; contador[2]                 ; clk          ; clk         ; 0.000        ; 0.040      ; 0.988      ;
; 0.865 ; estado_actual.AMARILLO_ON_1 ; contador[3]                 ; clk          ; clk         ; 0.000        ; 0.040      ; 0.989      ;
; 0.868 ; estado_actual.AMARILLO_ON_1 ; contador[0]                 ; clk          ; clk         ; 0.000        ; 0.040      ; 0.992      ;
; 0.878 ; contador[0]                 ; estado_actual.ROJO          ; clk          ; clk         ; 0.000        ; 0.042      ; 1.004      ;
; 0.879 ; estado_actual.INACTIVO      ; contador[1]                 ; clk          ; clk         ; 0.000        ; 0.040      ; 1.003      ;
; 0.880 ; estado_actual.INACTIVO      ; contador[2]                 ; clk          ; clk         ; 0.000        ; 0.040      ; 1.004      ;
; 0.880 ; contador[3]                 ; estado_actual.ROJO          ; clk          ; clk         ; 0.000        ; 0.042      ; 1.006      ;
; 0.881 ; estado_actual.INACTIVO      ; contador[3]                 ; clk          ; clk         ; 0.000        ; 0.040      ; 1.005      ;
; 0.884 ; estado_actual.INACTIVO      ; contador[0]                 ; clk          ; clk         ; 0.000        ; 0.040      ; 1.008      ;
; 0.886 ; estado_actual.AMARILLO_ON_1 ; estado_actual.VERDE         ; clk          ; clk         ; 0.000        ; 0.041      ; 1.011      ;
; 0.888 ; estado_actual.AMARILLO_ON_2 ; estado_actual.INACTIVO      ; clk          ; clk         ; 0.000        ; 0.041      ; 1.013      ;
; 0.908 ; estado_actual.INACTIVO      ; estado_actual.AMARILLO_ON_1 ; clk          ; clk         ; 0.000        ; 0.041      ; 1.033      ;
; 0.935 ; estado_actual.AMARILLO_OFF  ; estado_actual.ROJO          ; clk          ; clk         ; 0.000        ; 0.041      ; 1.060      ;
; 0.937 ; estado_actual.AMARILLO_OFF  ; estado_actual.INACTIVO      ; clk          ; clk         ; 0.000        ; 0.041      ; 1.062      ;
; 0.955 ; estado_actual.ROJO          ; contador[1]                 ; clk          ; clk         ; 0.000        ; 0.040      ; 1.079      ;
; 0.956 ; estado_actual.ROJO          ; contador[2]                 ; clk          ; clk         ; 0.000        ; 0.040      ; 1.080      ;
; 0.957 ; estado_actual.ROJO          ; contador[3]                 ; clk          ; clk         ; 0.000        ; 0.040      ; 1.081      ;
; 0.960 ; estado_actual.ROJO          ; contador[0]                 ; clk          ; clk         ; 0.000        ; 0.040      ; 1.084      ;
; 0.975 ; contador[1]                 ; estado_actual.VERDE         ; clk          ; clk         ; 0.000        ; 0.042      ; 1.101      ;
; 0.978 ; estado_actual.AMARILLO_ON_2 ; contador[1]                 ; clk          ; clk         ; 0.000        ; 0.040      ; 1.102      ;
; 0.980 ; estado_actual.AMARILLO_ON_2 ; contador[2]                 ; clk          ; clk         ; 0.000        ; 0.040      ; 1.104      ;
; 0.981 ; estado_actual.AMARILLO_ON_2 ; contador[3]                 ; clk          ; clk         ; 0.000        ; 0.040      ; 1.105      ;
; 0.983 ; estado_actual.AMARILLO_ON_2 ; contador[0]                 ; clk          ; clk         ; 0.000        ; 0.040      ; 1.107      ;
; 0.987 ; estado_actual.AMARILLO_ON_1 ; estado_actual.AMARILLO_ON_2 ; clk          ; clk         ; 0.000        ; 0.041      ; 1.112      ;
; 0.996 ; estado_actual.AMARILLO_OFF  ; estado_actual.AMARILLO_ON_1 ; clk          ; clk         ; 0.000        ; 0.041      ; 1.121      ;
; 0.997 ; estado_actual.AMARILLO_ON_2 ; estado_actual.VERDE         ; clk          ; clk         ; 0.000        ; 0.041      ; 1.122      ;
; 1.000 ; contador[1]                 ; contador[0]                 ; clk          ; clk         ; 0.000        ; 0.041      ; 1.125      ;
; 1.003 ; estado_actual.INACTIVO      ; estado_actual.AMARILLO_ON_2 ; clk          ; clk         ; 0.000        ; 0.041      ; 1.128      ;
; 1.003 ; estado_actual.INACTIVO      ; estado_actual.AMARILLO_OFF  ; clk          ; clk         ; 0.000        ; 0.041      ; 1.128      ;
; 1.003 ; estado_actual.AMARILLO_ON_2 ; estado_actual.AMARILLO_ON_1 ; clk          ; clk         ; 0.000        ; 0.041      ; 1.128      ;
; 1.004 ; contador[1]                 ; estado_actual.AMARILLO_ON_1 ; clk          ; clk         ; 0.000        ; 0.042      ; 1.130      ;
; 1.027 ; estado_actual.AMARILLO_OFF  ; contador[1]                 ; clk          ; clk         ; 0.000        ; 0.040      ; 1.151      ;
; 1.029 ; estado_actual.AMARILLO_OFF  ; contador[2]                 ; clk          ; clk         ; 0.000        ; 0.040      ; 1.153      ;
; 1.030 ; estado_actual.AMARILLO_OFF  ; contador[3]                 ; clk          ; clk         ; 0.000        ; 0.040      ; 1.154      ;
; 1.032 ; estado_actual.AMARILLO_OFF  ; contador[0]                 ; clk          ; clk         ; 0.000        ; 0.040      ; 1.156      ;
; 1.034 ; estado_actual.AMARILLO_OFF  ; estado_actual.VERDE         ; clk          ; clk         ; 0.000        ; 0.041      ; 1.159      ;
; 1.067 ; contador[2]                 ; estado_actual.AMARILLO_ON_1 ; clk          ; clk         ; 0.000        ; 0.042      ; 1.193      ;
; 1.067 ; contador[2]                 ; contador[1]                 ; clk          ; clk         ; 0.000        ; 0.041      ; 1.192      ;
; 1.069 ; contador[2]                 ; estado_actual.VERDE         ; clk          ; clk         ; 0.000        ; 0.042      ; 1.195      ;
; 1.072 ; contador[2]                 ; contador[0]                 ; clk          ; clk         ; 0.000        ; 0.041      ; 1.197      ;
; 1.079 ; estado_actual.ROJO          ; estado_actual.AMARILLO_ON_2 ; clk          ; clk         ; 0.000        ; 0.041      ; 1.204      ;
; 1.079 ; estado_actual.ROJO          ; estado_actual.AMARILLO_OFF  ; clk          ; clk         ; 0.000        ; 0.041      ; 1.204      ;
; 1.088 ; contador[3]                 ; estado_actual.VERDE         ; clk          ; clk         ; 0.000        ; 0.042      ; 1.214      ;
; 1.107 ; estado_actual.AMARILLO_ON_2 ; estado_actual.AMARILLO_OFF  ; clk          ; clk         ; 0.000        ; 0.041      ; 1.232      ;
; 1.111 ; contador[0]                 ; estado_actual.AMARILLO_ON_1 ; clk          ; clk         ; 0.000        ; 0.042      ; 1.237      ;
; 1.112 ; contador[3]                 ; estado_actual.AMARILLO_ON_1 ; clk          ; clk         ; 0.000        ; 0.042      ; 1.238      ;
; 1.113 ; contador[0]                 ; estado_actual.VERDE         ; clk          ; clk         ; 0.000        ; 0.042      ; 1.239      ;
; 1.123 ; contador[3]                 ; contador[1]                 ; clk          ; clk         ; 0.000        ; 0.041      ; 1.248      ;
; 1.124 ; contador[3]                 ; contador[2]                 ; clk          ; clk         ; 0.000        ; 0.041      ; 1.249      ;
; 1.128 ; contador[3]                 ; contador[0]                 ; clk          ; clk         ; 0.000        ; 0.041      ; 1.253      ;
+-------+-----------------------------+-----------------------------+--------------+-------------+--------------+------------+------------+


----------------------------------------------
; Fast 1200mV 0C Model Metastability Summary ;
----------------------------------------------
No synchronizer chains to report.


+-------------------------------------------------------------------------------+
; Multicorner Timing Analysis Summary                                           ;
+------------------+---------+-------+----------+---------+---------------------+
; Clock            ; Setup   ; Hold  ; Recovery ; Removal ; Minimum Pulse Width ;
+------------------+---------+-------+----------+---------+---------------------+
; Worst-case Slack ; -3.385  ; 0.182 ; N/A      ; N/A     ; -3.000              ;
;  clk             ; -3.385  ; 0.182 ; N/A      ; N/A     ; -3.000              ;
; Design-wide TNS  ; -29.262 ; 0.0   ; 0.0      ; 0.0     ; -15.85              ;
;  clk             ; -29.262 ; 0.000 ; N/A      ; N/A     ; -15.850             ;
+------------------+---------+-------+----------+---------+---------------------+


+------------------------------------------------------------------------------------------------------------------------------------------------------------------------------------------------------------------------------------------------------------------------------------------------------------------------------------------------------------------------------------------------------------------+
; Board Trace Model Assignments                                                                                                                                                                                                                                                                                                                                                                                    ;
+---------------+--------------+-------------------+-------------------------+-------------------------+---------------+---------------------+----------------+------------------+--------+------------------+------------------------+------------------------+--------------+---------------+-----------------+-------+---------------------+--------------------+---------------+-----------------+-------------+
; Pin           ; I/O Standard ; Near Tline Length ; Near Tline L per Length ; Near Tline C per Length ; Near Series R ; Near Differential R ; Near Pull-up R ; Near Pull-down R ; Near C ; Far Tline Length ; Far Tline L per Length ; Far Tline C per Length ; Far Series R ; Far Pull-up R ; Far Pull-down R ; Far C ; Termination Voltage ; Far Differential R ; EBD File Name ; EBD Signal Name ; EBD Far-end ;
+---------------+--------------+-------------------+-------------------------+-------------------------+---------------+---------------------+----------------+------------------+--------+------------------+------------------------+------------------------+--------------+---------------+-----------------+-------+---------------------+--------------------+---------------+-----------------+-------------+
; luz[0]        ; 2.5 V        ; 0 in              ; 0 H/in                  ; 0 F/in                  ; short         ; -                   ; open           ; open             ; open   ; 0 in             ; 0 H/in                 ; 0 F/in                 ; short        ; open          ; open            ; open  ; 0 V                 ; -                  ; n/a           ; n/a             ; n/a         ;
; luz[1]        ; 2.5 V        ; 0 in              ; 0 H/in                  ; 0 F/in                  ; short         ; -                   ; open           ; open             ; open   ; 0 in             ; 0 H/in                 ; 0 F/in                 ; short        ; open          ; open            ; open  ; 0 V                 ; -                  ; n/a           ; n/a             ; n/a         ;
; ~ALTERA_DCLK~ ; 2.5 V        ; 0 in              ; 0 H/in                  ; 0 F/in                  ; short         ; -                   ; open           ; open             ; open   ; 0 in             ; 0 H/in                 ; 0 F/in                 ; short        ; open          ; open            ; open  ; 0 V                 ; -                  ; n/a           ; n/a             ; n/a         ;
; ~ALTERA_nCEO~ ; 2.5 V        ; 0 in              ; 0 H/in                  ; 0 F/in                  ; short         ; -                   ; open           ; open             ; open   ; 0 in             ; 0 H/in                 ; 0 F/in                 ; short        ; open          ; open            ; open  ; 0 V                 ; -                  ; n/a           ; n/a             ; n/a         ;
+---------------+--------------+-------------------+-------------------------+-------------------------+---------------+---------------------+----------------+------------------+--------+------------------+------------------------+------------------------+--------------+---------------+-----------------+-------+---------------------+--------------------+---------------+-----------------+-------------+


+----------------------------------------------------------------------------+
; Input Transition Times                                                     ;
+-------------------------+--------------+-----------------+-----------------+
; Pin                     ; I/O Standard ; 10-90 Rise Time ; 90-10 Fall Time ;
+-------------------------+--------------+-----------------+-----------------+
; sensor_vehiculo         ; 2.5 V        ; 2000 ps         ; 2000 ps         ;
; start                   ; 2.5 V        ; 2000 ps         ; 2000 ps         ;
; clk                     ; 2.5 V        ; 2000 ps         ; 2000 ps         ;
; rst                     ; 2.5 V        ; 2000 ps         ; 2000 ps         ;
; ~ALTERA_ASDO_DATA1~     ; 2.5 V        ; 2000 ps         ; 2000 ps         ;
; ~ALTERA_FLASH_nCE_nCSO~ ; 2.5 V        ; 2000 ps         ; 2000 ps         ;
; ~ALTERA_DATA0~          ; 2.5 V        ; 2000 ps         ; 2000 ps         ;
+-------------------------+--------------+-----------------+-----------------+


+--------------------------------------------------------------------------------------------------------------------------------------------------------------------------------------------------------------------------------------------------------------------------------------------------------------------------------------------------------------------------------------------------------------------------------------------------------------------------------------------------------------------------------------------------------------------------------------------------------------------------------------------------------------------------------------------+
; Signal Integrity Metrics (Slow 1200mv 0c Model)                                                                                                                                                                                                                                                                                                                                                                                                                                                                                                                                                                                                                                            ;
+---------------+--------------+---------------------+---------------------+------------------------------+------------------------------+---------------------+---------------------+--------------------------------------+--------------------------------------+-----------------------------+-----------------------------+----------------------------+----------------------------+-----------------------------+-----------------------------+--------------------+--------------------+-------------------------------------+-------------------------------------+----------------------------+----------------------------+---------------------------+---------------------------+
; Pin           ; I/O Standard ; Board Delay on Rise ; Board Delay on Fall ; Steady State Voh at FPGA Pin ; Steady State Vol at FPGA Pin ; Voh Max at FPGA Pin ; Vol Min at FPGA Pin ; Ringback Voltage on Rise at FPGA Pin ; Ringback Voltage on Fall at FPGA Pin ; 10-90 Rise Time at FPGA Pin ; 90-10 Fall Time at FPGA Pin ; Monotonic Rise at FPGA Pin ; Monotonic Fall at FPGA Pin ; Steady State Voh at Far-end ; Steady State Vol at Far-end ; Voh Max at Far-end ; Vol Min at Far-end ; Ringback Voltage on Rise at Far-end ; Ringback Voltage on Fall at Far-end ; 10-90 Rise Time at Far-end ; 90-10 Fall Time at Far-end ; Monotonic Rise at Far-end ; Monotonic Fall at Far-end ;
+---------------+--------------+---------------------+---------------------+------------------------------+------------------------------+---------------------+---------------------+--------------------------------------+--------------------------------------+-----------------------------+-----------------------------+----------------------------+----------------------------+-----------------------------+-----------------------------+--------------------+--------------------+-------------------------------------+-------------------------------------+----------------------------+----------------------------+---------------------------+---------------------------+
; luz[0]        ; 2.5 V        ; 0 s                 ; 0 s                 ; 2.32 V                       ; 4.49e-09 V                   ; 2.38 V              ; -0.00552 V          ; 0.096 V                              ; 0.019 V                              ; 4.18e-10 s                  ; 3.59e-10 s                  ; No                         ; Yes                        ; 2.32 V                      ; 4.49e-09 V                  ; 2.38 V             ; -0.00552 V         ; 0.096 V                             ; 0.019 V                             ; 4.18e-10 s                 ; 3.59e-10 s                 ; No                        ; Yes                       ;
; luz[1]        ; 2.5 V        ; 0 s                 ; 0 s                 ; 2.32 V                       ; 4.49e-09 V                   ; 2.38 V              ; -0.00552 V          ; 0.096 V                              ; 0.019 V                              ; 4.18e-10 s                  ; 3.59e-10 s                  ; No                         ; Yes                        ; 2.32 V                      ; 4.49e-09 V                  ; 2.38 V             ; -0.00552 V         ; 0.096 V                             ; 0.019 V                             ; 4.18e-10 s                 ; 3.59e-10 s                 ; No                        ; Yes                       ;
; ~ALTERA_DCLK~ ; 2.5 V        ; 0 s                 ; 0 s                 ; 2.32 V                       ; 2.67e-09 V                   ; 2.38 V              ; -0.0485 V           ; 0.167 V                              ; 0.096 V                              ; 2.95e-10 s                  ; 2.73e-10 s                  ; Yes                        ; Yes                        ; 2.32 V                      ; 2.67e-09 V                  ; 2.38 V             ; -0.0485 V          ; 0.167 V                             ; 0.096 V                             ; 2.95e-10 s                 ; 2.73e-10 s                 ; Yes                       ; Yes                       ;
; ~ALTERA_nCEO~ ; 2.5 V        ; 0 s                 ; 0 s                 ; 2.32 V                       ; 4.18e-09 V                   ; 2.38 V              ; -0.00483 V          ; 0.152 V                              ; 0.012 V                              ; 4.81e-10 s                  ; 6.29e-10 s                  ; Yes                        ; Yes                        ; 2.32 V                      ; 4.18e-09 V                  ; 2.38 V             ; -0.00483 V         ; 0.152 V                             ; 0.012 V                             ; 4.81e-10 s                 ; 6.29e-10 s                 ; Yes                       ; Yes                       ;
+---------------+--------------+---------------------+---------------------+------------------------------+------------------------------+---------------------+---------------------+--------------------------------------+--------------------------------------+-----------------------------+-----------------------------+----------------------------+----------------------------+-----------------------------+-----------------------------+--------------------+--------------------+-------------------------------------+-------------------------------------+----------------------------+----------------------------+---------------------------+---------------------------+


+--------------------------------------------------------------------------------------------------------------------------------------------------------------------------------------------------------------------------------------------------------------------------------------------------------------------------------------------------------------------------------------------------------------------------------------------------------------------------------------------------------------------------------------------------------------------------------------------------------------------------------------------------------------------------------------------+
; Signal Integrity Metrics (Slow 1200mv 85c Model)                                                                                                                                                                                                                                                                                                                                                                                                                                                                                                                                                                                                                                           ;
+---------------+--------------+---------------------+---------------------+------------------------------+------------------------------+---------------------+---------------------+--------------------------------------+--------------------------------------+-----------------------------+-----------------------------+----------------------------+----------------------------+-----------------------------+-----------------------------+--------------------+--------------------+-------------------------------------+-------------------------------------+----------------------------+----------------------------+---------------------------+---------------------------+
; Pin           ; I/O Standard ; Board Delay on Rise ; Board Delay on Fall ; Steady State Voh at FPGA Pin ; Steady State Vol at FPGA Pin ; Voh Max at FPGA Pin ; Vol Min at FPGA Pin ; Ringback Voltage on Rise at FPGA Pin ; Ringback Voltage on Fall at FPGA Pin ; 10-90 Rise Time at FPGA Pin ; 90-10 Fall Time at FPGA Pin ; Monotonic Rise at FPGA Pin ; Monotonic Fall at FPGA Pin ; Steady State Voh at Far-end ; Steady State Vol at Far-end ; Voh Max at Far-end ; Vol Min at Far-end ; Ringback Voltage on Rise at Far-end ; Ringback Voltage on Fall at Far-end ; 10-90 Rise Time at Far-end ; 90-10 Fall Time at Far-end ; Monotonic Rise at Far-end ; Monotonic Fall at Far-end ;
+---------------+--------------+---------------------+---------------------+------------------------------+------------------------------+---------------------+---------------------+--------------------------------------+--------------------------------------+-----------------------------+-----------------------------+----------------------------+----------------------------+-----------------------------+-----------------------------+--------------------+--------------------+-------------------------------------+-------------------------------------+----------------------------+----------------------------+---------------------------+---------------------------+
; luz[0]        ; 2.5 V        ; 0 s                 ; 0 s                 ; 2.32 V                       ; 6.92e-07 V                   ; 2.35 V              ; -0.00996 V          ; 0.121 V                              ; 0.03 V                               ; 4.64e-10 s                  ; 4.47e-10 s                  ; Yes                        ; Yes                        ; 2.32 V                      ; 6.92e-07 V                  ; 2.35 V             ; -0.00996 V         ; 0.121 V                             ; 0.03 V                              ; 4.64e-10 s                 ; 4.47e-10 s                 ; Yes                       ; Yes                       ;
; luz[1]        ; 2.5 V        ; 0 s                 ; 0 s                 ; 2.32 V                       ; 6.92e-07 V                   ; 2.35 V              ; -0.00996 V          ; 0.121 V                              ; 0.03 V                               ; 4.64e-10 s                  ; 4.47e-10 s                  ; Yes                        ; Yes                        ; 2.32 V                      ; 6.92e-07 V                  ; 2.35 V             ; -0.00996 V         ; 0.121 V                             ; 0.03 V                              ; 4.64e-10 s                 ; 4.47e-10 s                 ; Yes                       ; Yes                       ;
; ~ALTERA_DCLK~ ; 2.5 V        ; 0 s                 ; 0 s                 ; 2.32 V                       ; 3.75e-07 V                   ; 2.35 V              ; -0.0109 V           ; 0.084 V                              ; 0.027 V                              ; 4.31e-10 s                  ; 3.61e-10 s                  ; Yes                        ; Yes                        ; 2.32 V                      ; 3.75e-07 V                  ; 2.35 V             ; -0.0109 V          ; 0.084 V                             ; 0.027 V                             ; 4.31e-10 s                 ; 3.61e-10 s                 ; Yes                       ; Yes                       ;
; ~ALTERA_nCEO~ ; 2.5 V        ; 0 s                 ; 0 s                 ; 2.32 V                       ; 6.15e-07 V                   ; 2.35 V              ; -0.00712 V          ; 0.093 V                              ; 0.02 V                               ; 6.21e-10 s                  ; 7.9e-10 s                   ; Yes                        ; Yes                        ; 2.32 V                      ; 6.15e-07 V                  ; 2.35 V             ; -0.00712 V         ; 0.093 V                             ; 0.02 V                              ; 6.21e-10 s                 ; 7.9e-10 s                  ; Yes                       ; Yes                       ;
+---------------+--------------+---------------------+---------------------+------------------------------+------------------------------+---------------------+---------------------+--------------------------------------+--------------------------------------+-----------------------------+-----------------------------+----------------------------+----------------------------+-----------------------------+-----------------------------+--------------------+--------------------+-------------------------------------+-------------------------------------+----------------------------+----------------------------+---------------------------+---------------------------+


+--------------------------------------------------------------------------------------------------------------------------------------------------------------------------------------------------------------------------------------------------------------------------------------------------------------------------------------------------------------------------------------------------------------------------------------------------------------------------------------------------------------------------------------------------------------------------------------------------------------------------------------------------------------------------------------------+
; Signal Integrity Metrics (Fast 1200mv 0c Model)                                                                                                                                                                                                                                                                                                                                                                                                                                                                                                                                                                                                                                            ;
+---------------+--------------+---------------------+---------------------+------------------------------+------------------------------+---------------------+---------------------+--------------------------------------+--------------------------------------+-----------------------------+-----------------------------+----------------------------+----------------------------+-----------------------------+-----------------------------+--------------------+--------------------+-------------------------------------+-------------------------------------+----------------------------+----------------------------+---------------------------+---------------------------+
; Pin           ; I/O Standard ; Board Delay on Rise ; Board Delay on Fall ; Steady State Voh at FPGA Pin ; Steady State Vol at FPGA Pin ; Voh Max at FPGA Pin ; Vol Min at FPGA Pin ; Ringback Voltage on Rise at FPGA Pin ; Ringback Voltage on Fall at FPGA Pin ; 10-90 Rise Time at FPGA Pin ; 90-10 Fall Time at FPGA Pin ; Monotonic Rise at FPGA Pin ; Monotonic Fall at FPGA Pin ; Steady State Voh at Far-end ; Steady State Vol at Far-end ; Voh Max at Far-end ; Vol Min at Far-end ; Ringback Voltage on Rise at Far-end ; Ringback Voltage on Fall at Far-end ; 10-90 Rise Time at Far-end ; 90-10 Fall Time at Far-end ; Monotonic Rise at Far-end ; Monotonic Fall at Far-end ;
+---------------+--------------+---------------------+---------------------+------------------------------+------------------------------+---------------------+---------------------+--------------------------------------+--------------------------------------+-----------------------------+-----------------------------+----------------------------+----------------------------+-----------------------------+-----------------------------+--------------------+--------------------+-------------------------------------+-------------------------------------+----------------------------+----------------------------+---------------------------+---------------------------+
; luz[0]        ; 2.5 V        ; 0 s                 ; 0 s                 ; 2.62 V                       ; 4.05e-08 V                   ; 2.72 V              ; -0.0349 V           ; 0.173 V                              ; 0.1 V                                ; 2.72e-10 s                  ; 2.69e-10 s                  ; Yes                        ; Yes                        ; 2.62 V                      ; 4.05e-08 V                  ; 2.72 V             ; -0.0349 V          ; 0.173 V                             ; 0.1 V                               ; 2.72e-10 s                 ; 2.69e-10 s                 ; Yes                       ; Yes                       ;
; luz[1]        ; 2.5 V        ; 0 s                 ; 0 s                 ; 2.62 V                       ; 4.05e-08 V                   ; 2.72 V              ; -0.0349 V           ; 0.173 V                              ; 0.1 V                                ; 2.72e-10 s                  ; 2.69e-10 s                  ; Yes                        ; Yes                        ; 2.62 V                      ; 4.05e-08 V                  ; 2.72 V             ; -0.0349 V          ; 0.173 V                             ; 0.1 V                               ; 2.72e-10 s                 ; 2.69e-10 s                 ; Yes                       ; Yes                       ;
; ~ALTERA_DCLK~ ; 2.5 V        ; 0 s                 ; 0 s                 ; 2.62 V                       ; 2.22e-08 V                   ; 2.74 V              ; -0.06 V             ; 0.158 V                              ; 0.08 V                               ; 2.68e-10 s                  ; 2.19e-10 s                  ; Yes                        ; Yes                        ; 2.62 V                      ; 2.22e-08 V                  ; 2.74 V             ; -0.06 V            ; 0.158 V                             ; 0.08 V                              ; 2.68e-10 s                 ; 2.19e-10 s                 ; Yes                       ; Yes                       ;
; ~ALTERA_nCEO~ ; 2.5 V        ; 0 s                 ; 0 s                 ; 2.62 V                       ; 3.54e-08 V                   ; 2.7 V               ; -0.00943 V          ; 0.276 V                              ; 0.035 V                              ; 3.19e-10 s                  ; 4.99e-10 s                  ; No                         ; Yes                        ; 2.62 V                      ; 3.54e-08 V                  ; 2.7 V              ; -0.00943 V         ; 0.276 V                             ; 0.035 V                             ; 3.19e-10 s                 ; 4.99e-10 s                 ; No                        ; Yes                       ;
+---------------+--------------+---------------------+---------------------+------------------------------+------------------------------+---------------------+---------------------+--------------------------------------+--------------------------------------+-----------------------------+-----------------------------+----------------------------+----------------------------+-----------------------------+-----------------------------+--------------------+--------------------+-------------------------------------+-------------------------------------+----------------------------+----------------------------+---------------------------+---------------------------+


+-------------------------------------------------------------------+
; Setup Transfers                                                   ;
+------------+----------+----------+----------+----------+----------+
; From Clock ; To Clock ; RR Paths ; FR Paths ; RF Paths ; FF Paths ;
+------------+----------+----------+----------+----------+----------+
; clk        ; clk      ; 963      ; 0        ; 0        ; 0        ;
+------------+----------+----------+----------+----------+----------+
Entries labeled "false path" only account for clock-to-clock false paths and not path-based false paths. As a result, actual path counts may be lower than reported.


+-------------------------------------------------------------------+
; Hold Transfers                                                    ;
+------------+----------+----------+----------+----------+----------+
; From Clock ; To Clock ; RR Paths ; FR Paths ; RF Paths ; FF Paths ;
+------------+----------+----------+----------+----------+----------+
; clk        ; clk      ; 963      ; 0        ; 0        ; 0        ;
+------------+----------+----------+----------+----------+----------+
Entries labeled "false path" only account for clock-to-clock false paths and not path-based false paths. As a result, actual path counts may be lower than reported.


---------------
; Report TCCS ;
---------------
No dedicated SERDES Transmitter circuitry present in device or used in design


---------------
; Report RSKM ;
---------------
No non-DPA dedicated SERDES Receiver circuitry present in device or used in design


+------------------------------------------------+
; Unconstrained Paths Summary                    ;
+---------------------------------+-------+------+
; Property                        ; Setup ; Hold ;
+---------------------------------+-------+------+
; Illegal Clocks                  ; 0     ; 0    ;
; Unconstrained Clocks            ; 0     ; 0    ;
; Unconstrained Input Ports       ; 2     ; 2    ;
; Unconstrained Input Port Paths  ; 20    ; 20   ;
; Unconstrained Output Ports      ; 2     ; 2    ;
; Unconstrained Output Port Paths ; 3     ; 3    ;
+---------------------------------+-------+------+


+-------------------------------------+
; Clock Status Summary                ;
+--------+-------+------+-------------+
; Target ; Clock ; Type ; Status      ;
+--------+-------+------+-------------+
; clk    ; clk   ; Base ; Constrained ;
+--------+-------+------+-------------+


+---------------------------------------------------------------------------------------------------+
; Unconstrained Input Ports                                                                         ;
+------------+--------------------------------------------------------------------------------------+
; Input Port ; Comment                                                                              ;
+------------+--------------------------------------------------------------------------------------+
; rst        ; No input delay, min/max delays, false-path exceptions, or max skew assignments found ;
; start      ; No input delay, min/max delays, false-path exceptions, or max skew assignments found ;
+------------+--------------------------------------------------------------------------------------+


+-----------------------------------------------------------------------------------------------------+
; Unconstrained Output Ports                                                                          ;
+-------------+---------------------------------------------------------------------------------------+
; Output Port ; Comment                                                                               ;
+-------------+---------------------------------------------------------------------------------------+
; luz[0]      ; No output delay, min/max delays, false-path exceptions, or max skew assignments found ;
; luz[1]      ; No output delay, min/max delays, false-path exceptions, or max skew assignments found ;
+-------------+---------------------------------------------------------------------------------------+


+---------------------------------------------------------------------------------------------------+
; Unconstrained Input Ports                                                                         ;
+------------+--------------------------------------------------------------------------------------+
; Input Port ; Comment                                                                              ;
+------------+--------------------------------------------------------------------------------------+
; rst        ; No input delay, min/max delays, false-path exceptions, or max skew assignments found ;
; start      ; No input delay, min/max delays, false-path exceptions, or max skew assignments found ;
+------------+--------------------------------------------------------------------------------------+


+-----------------------------------------------------------------------------------------------------+
; Unconstrained Output Ports                                                                          ;
+-------------+---------------------------------------------------------------------------------------+
; Output Port ; Comment                                                                               ;
+-------------+---------------------------------------------------------------------------------------+
; luz[0]      ; No output delay, min/max delays, false-path exceptions, or max skew assignments found ;
; luz[1]      ; No output delay, min/max delays, false-path exceptions, or max skew assignments found ;
+-------------+---------------------------------------------------------------------------------------+


+--------------------------+
; Timing Analyzer Messages ;
+--------------------------+
Info: *******************************************************************
Info: Running Quartus Prime Timing Analyzer
    Info: Version 18.1.0 Build 625 09/12/2018 SJ Lite Edition
    Info: Processing started: Mon Jun 09 07:23:14 2025
Info: Command: quartus_sta traffic_lights -c traffic_lights
Info: qsta_default_script.tcl version: #1
Warning (18236): Number of processors has not been specified which may cause overloading on shared machines.  Set the global assignment NUM_PARALLEL_PROCESSORS in your QSF to an appropriate value for best performance.
Info (20030): Parallel compilation is enabled and will use 6 of the 6 processors detected
Info (21077): Low junction temperature is 0 degrees C
Info (21077): High junction temperature is 85 degrees C
Critical Warning (332012): Synopsys Design Constraints File file not found: 'traffic_lights.sdc'. A Synopsys Design Constraints File is required by the Timing Analyzer to get proper timing constraints. Without it, the Compiler will not properly optimize the design.
Info (332142): No user constrained base clocks found in the design. Calling "derive_clocks -period 1.0"
Info (332105): Deriving Clocks
    Info (332105): create_clock -period 1.000 -name clk clk
Info (332143): No user constrained clock uncertainty found in the design. Calling "derive_clock_uncertainty"
Info (332123): Deriving Clock Uncertainty. Please refer to report_sdc in the Timing Analyzer to see clock uncertainties.
Info: Found TIMING_ANALYZER_REPORT_SCRIPT_INCLUDE_DEFAULT_ANALYSIS = ON
Info: Analyzing Slow 1200mV 85C Model
Critical Warning (332148): Timing requirements not met
    Info (11105): For recommendations on closing timing, run Report Timing Closure Recommendations in the Timing Analyzer.
Info (332146): Worst-case setup slack is -3.385
    Info (332119):     Slack       End Point TNS Clock 
    Info (332119): ========= =================== =====================
    Info (332119):    -3.385             -29.262 clk 
Info (332146): Worst-case hold slack is 0.403
    Info (332119):     Slack       End Point TNS Clock 
    Info (332119): ========= =================== =====================
    Info (332119):     0.403               0.000 clk 
Info (332140): No Recovery paths to report
Info (332140): No Removal paths to report
Info (332146): Worst-case minimum pulse width slack is -3.000
    Info (332119):     Slack       End Point TNS Clock 
    Info (332119): ========= =================== =====================
    Info (332119):    -3.000             -15.850 clk 
Info: Analyzing Slow 1200mV 0C Model
Info (334003): Started post-fitting delay annotation
Info (334004): Delay annotation completed successfully
Info (332123): Deriving Clock Uncertainty. Please refer to report_sdc in the Timing Analyzer to see clock uncertainties.
Critical Warning (332148): Timing requirements not met
    Info (11105): For recommendations on closing timing, run Report Timing Closure Recommendations in the Timing Analyzer.
Info (332146): Worst-case setup slack is -3.005
    Info (332119):     Slack       End Point TNS Clock 
    Info (332119): ========= =================== =====================
    Info (332119):    -3.005             -25.842 clk 
Info (332146): Worst-case hold slack is 0.354
    Info (332119):     Slack       End Point TNS Clock 
    Info (332119): ========= =================== =====================
    Info (332119):     0.354               0.000 clk 
Info (332140): No Recovery paths to report
Info (332140): No Removal paths to report
Info (332146): Worst-case minimum pulse width slack is -3.000
    Info (332119):     Slack       End Point TNS Clock 
    Info (332119): ========= =================== =====================
    Info (332119):    -3.000             -15.850 clk 
Info: Analyzing Fast 1200mV 0C Model
Info (332123): Deriving Clock Uncertainty. Please refer to report_sdc in the Timing Analyzer to see clock uncertainties.
Critical Warning (332148): Timing requirements not met
    Info (11105): For recommendations on closing timing, run Report Timing Closure Recommendations in the Timing Analyzer.
Info (332146): Worst-case setup slack is -1.119
    Info (332119):     Slack       End Point TNS Clock 
    Info (332119): ========= =================== =====================
    Info (332119):    -1.119              -9.030 clk 
Info (332146): Worst-case hold slack is 0.182
    Info (332119):     Slack       End Point TNS Clock 
    Info (332119): ========= =================== =====================
    Info (332119):     0.182               0.000 clk 
Info (332140): No Recovery paths to report
Info (332140): No Removal paths to report
Info (332146): Worst-case minimum pulse width slack is -3.000
    Info (332119):     Slack       End Point TNS Clock 
    Info (332119): ========= =================== =====================
    Info (332119):    -3.000             -13.620 clk 
Info (332102): Design is not fully constrained for setup requirements
Info (332102): Design is not fully constrained for hold requirements
Info: Quartus Prime Timing Analyzer was successful. 0 errors, 5 warnings
    Info: Peak virtual memory: 4860 megabytes
    Info: Processing ended: Mon Jun 09 07:23:17 2025
    Info: Elapsed time: 00:00:03
    Info: Total CPU time (on all processors): 00:00:03


